POSTCODE,SA4 CODE,SA4 NAME
0800,701,Darwin
0810,701,Darwin
0812,701,Darwin
0820,701,Darwin
0822,701,Darwin
0822,702,Northern Territory - Outback
0828,701,Darwin
0829,701,Darwin
0830,701,Darwin
0832,701,Darwin
0835,701,Darwin
0836,701,Darwin
0837,701,Darwin
0838,701,Darwin
0840,702,Northern Territory - Outback
0841,701,Darwin
0845,702,Northern Territory - Outback
0846,702,Northern Territory - Outback
0847,702,Northern Territory - Outback
0850,702,Northern Territory - Outback
0852,508,Western Australia - Outback
0852,702,Northern Territory - Outback
0853,702,Northern Territory - Outback
0854,702,Northern Territory - Outback
0860,702,Northern Territory - Outback
0862,702,Northern Territory - Outback
0870,702,Northern Territory - Outback
0872,406,South Australia - Outback
0872,508,Western Australia - Outback
0872,702,Northern Territory - Outback
0880,702,Northern Territory - Outback
0885,702,Northern Territory - Outback
0886,702,Northern Territory - Outback
0909,701,Darwin
2000,117,Sydney - City and Inner South
2006,117,Sydney - City and Inner South
2007,117,Sydney - City and Inner South
2008,117,Sydney - City and Inner South
2009,117,Sydney - City and Inner South
2010,117,Sydney - City and Inner South
2011,117,Sydney - City and Inner South
2015,117,Sydney - City and Inner South
2016,117,Sydney - City and Inner South
2017,117,Sydney - City and Inner South
2018,117,Sydney - City and Inner South
2019,117,Sydney - City and Inner South
2020,117,Sydney - City and Inner South
2021,118,Sydney - Eastern Suburbs
2022,118,Sydney - Eastern Suburbs
2023,118,Sydney - Eastern Suburbs
2024,118,Sydney - Eastern Suburbs
2025,118,Sydney - Eastern Suburbs
2026,118,Sydney - Eastern Suburbs
2027,118,Sydney - Eastern Suburbs
2028,118,Sydney - Eastern Suburbs
2029,118,Sydney - Eastern Suburbs
2030,118,Sydney - Eastern Suburbs
2031,118,Sydney - Eastern Suburbs
2032,117,Sydney - City and Inner South
2032,118,Sydney - Eastern Suburbs
2033,117,Sydney - City and Inner South
2033,118,Sydney - Eastern Suburbs
2034,118,Sydney - Eastern Suburbs
2035,117,Sydney - City and Inner South
2035,118,Sydney - Eastern Suburbs
2036,117,Sydney - City and Inner South
2036,118,Sydney - Eastern Suburbs
2037,117,Sydney - City and Inner South
2038,117,Sydney - City and Inner South
2038,120,Sydney - Inner West
2039,120,Sydney - Inner West
2040,120,Sydney - Inner West
2041,120,Sydney - Inner West
2042,117,Sydney - City and Inner South
2043,117,Sydney - City and Inner South
2044,117,Sydney - City and Inner South
2045,120,Sydney - Inner West
2046,120,Sydney - Inner West
2047,120,Sydney - Inner West
2048,117,Sydney - City and Inner South
2048,120,Sydney - Inner West
2049,117,Sydney - City and Inner South
2049,120,Sydney - Inner West
2050,117,Sydney - City and Inner South
2052,118,Sydney - Eastern Suburbs
2060,121,Sydney - North Sydney and Hornsby
2061,121,Sydney - North Sydney and Hornsby
2062,121,Sydney - North Sydney and Hornsby
2063,121,Sydney - North Sydney and Hornsby
2064,121,Sydney - North Sydney and Hornsby
2065,121,Sydney - North Sydney and Hornsby
2066,121,Sydney - North Sydney and Hornsby
2067,121,Sydney - North Sydney and Hornsby
2068,121,Sydney - North Sydney and Hornsby
2069,121,Sydney - North Sydney and Hornsby
2070,121,Sydney - North Sydney and Hornsby
2071,121,Sydney - North Sydney and Hornsby
2072,121,Sydney - North Sydney and Hornsby
2073,121,Sydney - North Sydney and Hornsby
2074,121,Sydney - North Sydney and Hornsby
2075,121,Sydney - North Sydney and Hornsby
2076,121,Sydney - North Sydney and Hornsby
2077,121,Sydney - North Sydney and Hornsby
2079,121,Sydney - North Sydney and Hornsby
2080,121,Sydney - North Sydney and Hornsby
2081,121,Sydney - North Sydney and Hornsby
2082,115,Sydney - Baulkham Hills and Hawkesbury
2082,121,Sydney - North Sydney and Hornsby
2083,102,Central Coast
2083,121,Sydney - North Sydney and Hornsby
2084,122,Sydney - Northern Beaches
2085,122,Sydney - Northern Beaches
2086,122,Sydney - Northern Beaches
2087,122,Sydney - Northern Beaches
2088,121,Sydney - North Sydney and Hornsby
2089,121,Sydney - North Sydney and Hornsby
2090,121,Sydney - North Sydney and Hornsby
2092,122,Sydney - Northern Beaches
2093,122,Sydney - Northern Beaches
2094,122,Sydney - Northern Beaches
2095,122,Sydney - Northern Beaches
2096,122,Sydney - Northern Beaches
2097,122,Sydney - Northern Beaches
2099,122,Sydney - Northern Beaches
2100,122,Sydney - Northern Beaches
2101,122,Sydney - Northern Beaches
2102,122,Sydney - Northern Beaches
2103,122,Sydney - Northern Beaches
2104,122,Sydney - Northern Beaches
2105,122,Sydney - Northern Beaches
2106,122,Sydney - Northern Beaches
2107,122,Sydney - Northern Beaches
2108,122,Sydney - Northern Beaches
2109,126,Sydney - Ryde
2110,126,Sydney - Ryde
2111,126,Sydney - Ryde
2112,126,Sydney - Ryde
2113,126,Sydney - Ryde
2114,125,Sydney - Parramatta
2114,126,Sydney - Ryde
2115,125,Sydney - Parramatta
2116,125,Sydney - Parramatta
2117,125,Sydney - Parramatta
2118,125,Sydney - Parramatta
2119,125,Sydney - Parramatta
2119,126,Sydney - Ryde
2120,115,Sydney - Baulkham Hills and Hawkesbury
2120,121,Sydney - North Sydney and Hornsby
2120,126,Sydney - Ryde
2121,125,Sydney - Parramatta
2121,126,Sydney - Ryde
2122,125,Sydney - Parramatta
2122,126,Sydney - Ryde
2123,125,Sydney - Parramatta
2125,115,Sydney - Baulkham Hills and Hawkesbury
2125,126,Sydney - Ryde
2126,115,Sydney - Baulkham Hills and Hawkesbury
2127,125,Sydney - Parramatta
2128,125,Sydney - Parramatta
2129,120,Sydney - Inner West
2130,120,Sydney - Inner West
2131,120,Sydney - Inner West
2132,120,Sydney - Inner West
2133,120,Sydney - Inner West
2134,120,Sydney - Inner West
2135,120,Sydney - Inner West
2136,119,Sydney - Inner South West
2136,120,Sydney - Inner West
2137,120,Sydney - Inner West
2138,120,Sydney - Inner West
2139,120,Sydney - Inner West
2140,120,Sydney - Inner West
2141,125,Sydney - Parramatta
2142,125,Sydney - Parramatta
2143,119,Sydney - Inner South West
2143,125,Sydney - Parramatta
2144,125,Sydney - Parramatta
2145,125,Sydney - Parramatta
2146,116,Sydney - Blacktown
2146,125,Sydney - Parramatta
2147,116,Sydney - Blacktown
2148,116,Sydney - Blacktown
2150,125,Sydney - Parramatta
2151,125,Sydney - Parramatta
2152,125,Sydney - Parramatta
2153,115,Sydney - Baulkham Hills and Hawkesbury
2153,116,Sydney - Blacktown
2153,125,Sydney - Parramatta
2154,115,Sydney - Baulkham Hills and Hawkesbury
2155,115,Sydney - Baulkham Hills and Hawkesbury
2155,116,Sydney - Blacktown
2156,115,Sydney - Baulkham Hills and Hawkesbury
2157,115,Sydney - Baulkham Hills and Hawkesbury
2158,115,Sydney - Baulkham Hills and Hawkesbury
2159,115,Sydney - Baulkham Hills and Hawkesbury
2160,125,Sydney - Parramatta
2161,125,Sydney - Parramatta
2162,125,Sydney - Parramatta
2163,119,Sydney - Inner South West
2163,125,Sydney - Parramatta
2164,125,Sydney - Parramatta
2164,127,Sydney - South West
2165,125,Sydney - Parramatta
2165,127,Sydney - South West
2166,127,Sydney - South West
2167,123,Sydney - Outer South West
2168,127,Sydney - South West
2170,127,Sydney - South West
2171,127,Sydney - South West
2172,127,Sydney - South West
2173,123,Sydney - Outer South West
2173,127,Sydney - South West
2174,127,Sydney - South West
2175,127,Sydney - South West
2176,127,Sydney - South West
2177,127,Sydney - South West
2178,127,Sydney - South West
2179,127,Sydney - South West
2190,119,Sydney - Inner South West
2191,119,Sydney - Inner South West
2192,119,Sydney - Inner South West
2193,119,Sydney - Inner South West
2193,120,Sydney - Inner West
2194,119,Sydney - Inner South West
2195,119,Sydney - Inner South West
2196,119,Sydney - Inner South West
2197,119,Sydney - Inner South West
2197,125,Sydney - Parramatta
2198,119,Sydney - Inner South West
2199,119,Sydney - Inner South West
2200,119,Sydney - Inner South West
2203,117,Sydney - City and Inner South
2203,120,Sydney - Inner West
2204,117,Sydney - City and Inner South
2204,119,Sydney - Inner South West
2204,120,Sydney - Inner West
2205,119,Sydney - Inner South West
2206,119,Sydney - Inner South West
2206,120,Sydney - Inner West
2207,119,Sydney - Inner South West
2208,119,Sydney - Inner South West
2209,119,Sydney - Inner South West
2210,119,Sydney - Inner South West
2211,119,Sydney - Inner South West
2212,119,Sydney - Inner South West
2213,119,Sydney - Inner South West
2214,119,Sydney - Inner South West
2216,119,Sydney - Inner South West
2217,119,Sydney - Inner South West
2218,119,Sydney - Inner South West
2219,119,Sydney - Inner South West
2220,119,Sydney - Inner South West
2221,119,Sydney - Inner South West
2222,119,Sydney - Inner South West
2223,119,Sydney - Inner South West
2224,128,Sydney - Sutherland
2225,128,Sydney - Sutherland
2226,128,Sydney - Sutherland
2227,128,Sydney - Sutherland
2228,128,Sydney - Sutherland
2229,128,Sydney - Sutherland
2230,128,Sydney - Sutherland
2231,128,Sydney - Sutherland
2232,128,Sydney - Sutherland
2233,128,Sydney - Sutherland
2234,128,Sydney - Sutherland
2250,102,Central Coast
2250,106,Hunter Valley exc Newcastle
2251,102,Central Coast
2256,102,Central Coast
2257,102,Central Coast
2258,102,Central Coast
2259,102,Central Coast
2259,111,Newcastle and Lake Macquarie
2260,102,Central Coast
2261,102,Central Coast
2262,102,Central Coast
2263,102,Central Coast
2264,111,Newcastle and Lake Macquarie
2265,111,Newcastle and Lake Macquarie
2267,111,Newcastle and Lake Macquarie
2278,111,Newcastle and Lake Macquarie
2280,111,Newcastle and Lake Macquarie
2281,111,Newcastle and Lake Macquarie
2282,111,Newcastle and Lake Macquarie
2283,111,Newcastle and Lake Macquarie
2284,111,Newcastle and Lake Macquarie
2285,111,Newcastle and Lake Macquarie
2286,111,Newcastle and Lake Macquarie
2287,111,Newcastle and Lake Macquarie
2289,111,Newcastle and Lake Macquarie
2290,111,Newcastle and Lake Macquarie
2291,111,Newcastle and Lake Macquarie
2292,111,Newcastle and Lake Macquarie
2293,111,Newcastle and Lake Macquarie
2294,111,Newcastle and Lake Macquarie
2295,111,Newcastle and Lake Macquarie
2296,111,Newcastle and Lake Macquarie
2297,111,Newcastle and Lake Macquarie
2298,111,Newcastle and Lake Macquarie
2299,111,Newcastle and Lake Macquarie
2300,111,Newcastle and Lake Macquarie
2302,111,Newcastle and Lake Macquarie
2303,111,Newcastle and Lake Macquarie
2304,111,Newcastle and Lake Macquarie
2305,111,Newcastle and Lake Macquarie
2306,111,Newcastle and Lake Macquarie
2307,111,Newcastle and Lake Macquarie
2308,111,Newcastle and Lake Macquarie
2311,106,Hunter Valley exc Newcastle
2312,108,Mid North Coast
2314,106,Hunter Valley exc Newcastle
2315,106,Hunter Valley exc Newcastle
2316,106,Hunter Valley exc Newcastle
2317,106,Hunter Valley exc Newcastle
2318,106,Hunter Valley exc Newcastle
2318,111,Newcastle and Lake Macquarie
2319,106,Hunter Valley exc Newcastle
2320,106,Hunter Valley exc Newcastle
2321,106,Hunter Valley exc Newcastle
2322,106,Hunter Valley exc Newcastle
2322,111,Newcastle and Lake Macquarie
2323,106,Hunter Valley exc Newcastle
2323,111,Newcastle and Lake Macquarie
2324,106,Hunter Valley exc Newcastle
2324,108,Mid North Coast
2325,106,Hunter Valley exc Newcastle
2326,106,Hunter Valley exc Newcastle
2327,106,Hunter Valley exc Newcastle
2328,106,Hunter Valley exc Newcastle
2329,103,Central West
2329,106,Hunter Valley exc Newcastle
2330,106,Hunter Valley exc Newcastle
2331,106,Hunter Valley exc Newcastle
2333,106,Hunter Valley exc Newcastle
2334,106,Hunter Valley exc Newcastle
2335,106,Hunter Valley exc Newcastle
2336,106,Hunter Valley exc Newcastle
2337,106,Hunter Valley exc Newcastle
2338,106,Hunter Valley exc Newcastle
2338,110,New England and North West
2339,110,New England and North West
2340,110,New England and North West
2341,110,New England and North West
2342,110,New England and North West
2343,110,New England and North West
2344,110,New England and North West
2345,110,New England and North West
2346,110,New England and North West
2347,110,New England and North West
2350,110,New England and North West
2351,110,New England and North West
2352,110,New England and North West
2353,110,New England and North West
2354,110,New England and North West
2355,110,New England and North West
2356,110,New England and North West
2357,105,Far West and Orana
2358,110,New England and North West
2359,110,New England and North West
2360,110,New England and North West
2361,110,New England and North West
2365,110,New England and North West
2369,110,New England and North West
2370,104,Coffs Harbour - Grafton
2370,110,New England and North West
2371,110,New England and North West
2372,110,New England and North West
2372,307,Darling Downs - Maranoa
2379,105,Far West and Orana
2379,110,New England and North West
2380,110,New England and North West
2381,105,Far West and Orana
2381,110,New England and North West
2382,110,New England and North West
2386,105,Far West and Orana
2386,110,New England and North West
2387,105,Far West and Orana
2387,110,New England and North West
2388,105,Far West and Orana
2388,110,New England and North West
2390,110,New England and North West
2395,105,Far West and Orana
2396,105,Far West and Orana
2397,110,New England and North West
2398,110,New England and North West
2399,110,New England and North West
2400,110,New England and North West
2401,110,New England and North West
2402,110,New England and North West
2403,110,New England and North West
2404,110,New England and North West
2405,110,New England and North West
2406,110,New England and North West
2406,307,Darling Downs - Maranoa
2408,110,New England and North West
2409,110,New England and North West
2410,110,New England and North West
2411,110,New England and North West
2415,108,Mid North Coast
2420,106,Hunter Valley exc Newcastle
2420,108,Mid North Coast
2421,106,Hunter Valley exc Newcastle
2422,108,Mid North Coast
2423,108,Mid North Coast
2424,108,Mid North Coast
2425,108,Mid North Coast
2426,108,Mid North Coast
2427,108,Mid North Coast
2428,108,Mid North Coast
2429,108,Mid North Coast
2430,108,Mid North Coast
2431,108,Mid North Coast
2439,108,Mid North Coast
2440,108,Mid North Coast
2441,104,Coffs Harbour - Grafton
2441,108,Mid North Coast
2443,108,Mid North Coast
2444,108,Mid North Coast
2445,108,Mid North Coast
2446,108,Mid North Coast
2447,108,Mid North Coast
2448,104,Coffs Harbour - Grafton
2448,108,Mid North Coast
2449,104,Coffs Harbour - Grafton
2449,108,Mid North Coast
2450,104,Coffs Harbour - Grafton
2452,104,Coffs Harbour - Grafton
2453,104,Coffs Harbour - Grafton
2453,110,New England and North West
2454,104,Coffs Harbour - Grafton
2455,104,Coffs Harbour - Grafton
2456,104,Coffs Harbour - Grafton
2460,104,Coffs Harbour - Grafton
2462,104,Coffs Harbour - Grafton
2463,104,Coffs Harbour - Grafton
2464,104,Coffs Harbour - Grafton
2465,104,Coffs Harbour - Grafton
2466,104,Coffs Harbour - Grafton
2469,104,Coffs Harbour - Grafton
2469,110,New England and North West
2469,112,Richmond - Tweed
2470,112,Richmond - Tweed
2471,112,Richmond - Tweed
2472,112,Richmond - Tweed
2473,112,Richmond - Tweed
2474,112,Richmond - Tweed
2475,110,New England and North West
2475,112,Richmond - Tweed
2476,110,New England and North West
2476,112,Richmond - Tweed
2477,112,Richmond - Tweed
2478,112,Richmond - Tweed
2479,112,Richmond - Tweed
2480,112,Richmond - Tweed
2481,112,Richmond - Tweed
2482,112,Richmond - Tweed
2483,112,Richmond - Tweed
2484,112,Richmond - Tweed
2485,112,Richmond - Tweed
2486,112,Richmond - Tweed
2487,112,Richmond - Tweed
2488,112,Richmond - Tweed
2489,112,Richmond - Tweed
2490,112,Richmond - Tweed
2500,107,Illawarra
2502,107,Illawarra
2505,107,Illawarra
2506,107,Illawarra
2508,107,Illawarra
2515,107,Illawarra
2516,107,Illawarra
2517,107,Illawarra
2518,107,Illawarra
2519,107,Illawarra
2522,107,Illawarra
2525,107,Illawarra
2526,107,Illawarra
2527,107,Illawarra
2528,107,Illawarra
2529,107,Illawarra
2530,107,Illawarra
2533,107,Illawarra
2533,114,Southern Highlands and Shoalhaven
2534,107,Illawarra
2535,107,Illawarra
2535,114,Southern Highlands and Shoalhaven
2536,101,Capital Region
2536,114,Southern Highlands and Shoalhaven
2537,101,Capital Region
2538,114,Southern Highlands and Shoalhaven
2539,101,Capital Region
2539,114,Southern Highlands and Shoalhaven
2540,114,Southern Highlands and Shoalhaven
2540,901,Other Territories
2541,114,Southern Highlands and Shoalhaven
2545,101,Capital Region
2546,101,Capital Region
2548,101,Capital Region
2549,101,Capital Region
2550,101,Capital Region
2551,101,Capital Region
2555,124,Sydney - Outer West and Blue Mountains
2555,127,Sydney - South West
2556,127,Sydney - South West
2557,127,Sydney - South West
2558,123,Sydney - Outer South West
2559,123,Sydney - Outer South West
2560,107,Illawarra
2560,123,Sydney - Outer South West
2563,123,Sydney - Outer South West
2564,123,Sydney - Outer South West
2565,123,Sydney - Outer South West
2566,123,Sydney - Outer South West
2567,123,Sydney - Outer South West
2568,123,Sydney - Outer South West
2569,123,Sydney - Outer South West
2570,123,Sydney - Outer South West
2570,127,Sydney - South West
2571,114,Southern Highlands and Shoalhaven
2571,123,Sydney - Outer South West
2572,123,Sydney - Outer South West
2573,123,Sydney - Outer South West
2574,123,Sydney - Outer South West
2575,114,Southern Highlands and Shoalhaven
2576,114,Southern Highlands and Shoalhaven
2577,107,Illawarra
2577,114,Southern Highlands and Shoalhaven
2578,114,Southern Highlands and Shoalhaven
2579,101,Capital Region
2579,114,Southern Highlands and Shoalhaven
2580,101,Capital Region
2580,103,Central West
2581,101,Capital Region
2582,101,Capital Region
2583,101,Capital Region
2583,103,Central West
2584,101,Capital Region
2585,101,Capital Region
2586,101,Capital Region
2587,101,Capital Region
2588,113,Riverina
2590,113,Riverina
2594,101,Capital Region
2594,103,Central West
2594,113,Riverina
2600,801,Australian Capital Territory
2601,801,Australian Capital Territory
2602,801,Australian Capital Territory
2603,801,Australian Capital Territory
2604,801,Australian Capital Territory
2605,801,Australian Capital Territory
2606,801,Australian Capital Territory
2607,801,Australian Capital Territory
2609,801,Australian Capital Territory
2611,101,Capital Region
2611,113,Riverina
2611,801,Australian Capital Territory
2612,801,Australian Capital Territory
2614,801,Australian Capital Territory
2615,801,Australian Capital Territory
2617,801,Australian Capital Territory
2618,101,Capital Region
2618,801,Australian Capital Territory
2619,101,Capital Region
2620,101,Capital Region
2620,801,Australian Capital Territory
2621,101,Capital Region
2622,101,Capital Region
2622,114,Southern Highlands and Shoalhaven
2623,101,Capital Region
2624,113,Riverina
2625,101,Capital Region
2626,101,Capital Region
2627,101,Capital Region
2628,101,Capital Region
2629,101,Capital Region
2629,113,Riverina
2630,101,Capital Region
2631,101,Capital Region
2632,101,Capital Region
2633,101,Capital Region
2640,109,Murray
2640,113,Riverina
2640,204,Hume
2641,109,Murray
2642,109,Murray
2642,113,Riverina
2642,204,Hume
2643,109,Murray
2644,109,Murray
2644,113,Riverina
2645,109,Murray
2645,113,Riverina
2646,109,Murray
2647,109,Murray
2648,105,Far West and Orana
2648,109,Murray
2649,113,Riverina
2650,109,Murray
2650,113,Riverina
2651,113,Riverina
2652,113,Riverina
2653,113,Riverina
2655,113,Riverina
2656,113,Riverina
2658,109,Murray
2658,113,Riverina
2659,109,Murray
2660,109,Murray
2661,113,Riverina
2663,113,Riverina
2665,103,Central West
2665,113,Riverina
2666,101,Capital Region
2666,103,Central West
2666,113,Riverina
2668,103,Central West
2668,113,Riverina
2669,103,Central West
2669,113,Riverina
2671,103,Central West
2672,103,Central West
2672,105,Far West and Orana
2675,113,Riverina
2678,113,Riverina
2680,113,Riverina
2681,113,Riverina
2700,109,Murray
2700,113,Riverina
2701,113,Riverina
2702,113,Riverina
2703,113,Riverina
2705,113,Riverina
2706,113,Riverina
2707,109,Murray
2707,113,Riverina
2710,109,Murray
2711,109,Murray
2711,113,Riverina
2712,109,Murray
2713,109,Murray
2714,109,Murray
2714,216,Shepparton
2715,109,Murray
2715,215,North West
2716,109,Murray
2717,109,Murray
2720,113,Riverina
2721,103,Central West
2722,113,Riverina
2725,113,Riverina
2726,101,Capital Region
2727,113,Riverina
2729,113,Riverina
2730,113,Riverina
2731,109,Murray
2732,109,Murray
2732,215,North West
2733,109,Murray
2734,109,Murray
2735,109,Murray
2735,215,North West
2736,109,Murray
2737,109,Murray
2738,109,Murray
2739,109,Murray
2745,124,Sydney - Outer West and Blue Mountains
2745,127,Sydney - South West
2747,116,Sydney - Blacktown
2747,124,Sydney - Outer West and Blue Mountains
2748,124,Sydney - Outer West and Blue Mountains
2749,124,Sydney - Outer West and Blue Mountains
2750,124,Sydney - Outer West and Blue Mountains
2752,124,Sydney - Outer West and Blue Mountains
2753,115,Sydney - Baulkham Hills and Hawkesbury
2753,124,Sydney - Outer West and Blue Mountains
2754,115,Sydney - Baulkham Hills and Hawkesbury
2754,124,Sydney - Outer West and Blue Mountains
2755,124,Sydney - Outer West and Blue Mountains
2756,115,Sydney - Baulkham Hills and Hawkesbury
2756,124,Sydney - Outer West and Blue Mountains
2757,115,Sydney - Baulkham Hills and Hawkesbury
2758,115,Sydney - Baulkham Hills and Hawkesbury
2758,124,Sydney - Outer West and Blue Mountains
2759,124,Sydney - Outer West and Blue Mountains
2760,116,Sydney - Blacktown
2760,124,Sydney - Outer West and Blue Mountains
2761,116,Sydney - Blacktown
2762,116,Sydney - Blacktown
2763,116,Sydney - Blacktown
2765,115,Sydney - Baulkham Hills and Hawkesbury
2765,116,Sydney - Blacktown
2765,124,Sydney - Outer West and Blue Mountains
2766,116,Sydney - Blacktown
2767,116,Sydney - Blacktown
2768,116,Sydney - Blacktown
2769,116,Sydney - Blacktown
2770,116,Sydney - Blacktown
2773,124,Sydney - Outer West and Blue Mountains
2774,124,Sydney - Outer West and Blue Mountains
2775,102,Central Coast
2775,115,Sydney - Baulkham Hills and Hawkesbury
2776,124,Sydney - Outer West and Blue Mountains
2777,124,Sydney - Outer West and Blue Mountains
2778,124,Sydney - Outer West and Blue Mountains
2779,124,Sydney - Outer West and Blue Mountains
2780,124,Sydney - Outer West and Blue Mountains
2782,124,Sydney - Outer West and Blue Mountains
2783,124,Sydney - Outer West and Blue Mountains
2784,124,Sydney - Outer West and Blue Mountains
2785,103,Central West
2785,124,Sydney - Outer West and Blue Mountains
2786,103,Central West
2786,115,Sydney - Baulkham Hills and Hawkesbury
2786,124,Sydney - Outer West and Blue Mountains
2787,101,Capital Region
2787,103,Central West
2787,124,Sydney - Outer West and Blue Mountains
2790,103,Central West
2790,124,Sydney - Outer West and Blue Mountains
2791,103,Central West
2792,103,Central West
2793,103,Central West
2794,101,Capital Region
2794,103,Central West
2795,103,Central West
2797,103,Central West
2798,103,Central West
2799,103,Central West
2800,103,Central West
2803,101,Capital Region
2804,103,Central West
2805,103,Central West
2806,103,Central West
2807,101,Capital Region
2807,103,Central West
2808,101,Capital Region
2808,103,Central West
2809,103,Central West
2810,103,Central West
2820,105,Far West and Orana
2821,105,Far West and Orana
2823,103,Central West
2823,105,Far West and Orana
2824,105,Far West and Orana
2825,103,Central West
2825,105,Far West and Orana
2827,105,Far West and Orana
2828,105,Far West and Orana
2829,105,Far West and Orana
2830,105,Far West and Orana
2831,105,Far West and Orana
2832,105,Far West and Orana
2833,105,Far West and Orana
2833,110,New England and North West
2834,105,Far West and Orana
2835,105,Far West and Orana
2836,105,Far West and Orana
2839,105,Far West and Orana
2840,105,Far West and Orana
2842,105,Far West and Orana
2843,105,Far West and Orana
2844,103,Central West
2845,103,Central West
2846,103,Central West
2847,103,Central West
2848,103,Central West
2849,103,Central West
2850,103,Central West
2850,105,Far West and Orana
2850,106,Hunter Valley exc Newcastle
2852,103,Central West
2852,105,Far West and Orana
2864,103,Central West
2865,103,Central West
2866,103,Central West
2866,105,Far West and Orana
2867,103,Central West
2867,105,Far West and Orana
2868,103,Central West
2868,105,Far West and Orana
2869,103,Central West
2869,105,Far West and Orana
2870,103,Central West
2871,103,Central West
2873,103,Central West
2874,103,Central West
2875,103,Central West
2876,103,Central West
2877,103,Central West
2877,105,Far West and Orana
2878,105,Far West and Orana
2878,109,Murray
2879,105,Far West and Orana
2880,105,Far West and Orana
2898,108,Mid North Coast
2900,101,Capital Region
2900,801,Australian Capital Territory
2902,801,Australian Capital Territory
2903,801,Australian Capital Territory
2904,801,Australian Capital Territory
2905,801,Australian Capital Territory
2906,801,Australian Capital Territory
2911,801,Australian Capital Territory
2912,801,Australian Capital Territory
2913,801,Australian Capital Territory
2914,801,Australian Capital Territory
3000,206,Melbourne - Inner
3002,206,Melbourne - Inner
3003,206,Melbourne - Inner
3004,206,Melbourne - Inner
3005,206,Melbourne - Inner
3006,206,Melbourne - Inner
3008,206,Melbourne - Inner
3010,206,Melbourne - Inner
3011,213,Melbourne - West
3012,213,Melbourne - West
3013,213,Melbourne - West
3015,213,Melbourne - West
3016,213,Melbourne - West
3018,213,Melbourne - West
3019,213,Melbourne - West
3020,213,Melbourne - West
3021,213,Melbourne - West
3022,213,Melbourne - West
3023,213,Melbourne - West
3024,213,Melbourne - West
3025,213,Melbourne - West
3026,213,Melbourne - West
3027,213,Melbourne - West
3028,213,Melbourne - West
3029,213,Melbourne - West
3030,213,Melbourne - West
3031,206,Melbourne - Inner
3032,206,Melbourne - Inner
3032,213,Melbourne - West
3033,210,Melbourne - North West
3034,210,Melbourne - North West
3036,210,Melbourne - North West
3036,213,Melbourne - West
3037,213,Melbourne - West
3038,213,Melbourne - West
3039,206,Melbourne - Inner
3040,206,Melbourne - Inner
3040,210,Melbourne - North West
3041,206,Melbourne - Inner
3041,210,Melbourne - North West
3042,210,Melbourne - North West
3043,210,Melbourne - North West
3044,206,Melbourne - Inner
3044,210,Melbourne - North West
3045,210,Melbourne - North West
3046,210,Melbourne - North West
3047,210,Melbourne - North West
3048,210,Melbourne - North West
3049,210,Melbourne - North West
3050,206,Melbourne - Inner
3051,206,Melbourne - Inner
3052,206,Melbourne - Inner
3053,206,Melbourne - Inner
3054,206,Melbourne - Inner
3055,206,Melbourne - Inner
3056,206,Melbourne - Inner
3057,206,Melbourne - Inner
3058,206,Melbourne - Inner
3058,209,Melbourne - North East
3058,210,Melbourne - North West
3059,210,Melbourne - North West
3060,210,Melbourne - North West
3061,210,Melbourne - North West
3062,210,Melbourne - North West
3063,210,Melbourne - North West
3064,209,Melbourne - North East
3064,210,Melbourne - North West
3065,206,Melbourne - Inner
3066,206,Melbourne - Inner
3067,206,Melbourne - Inner
3068,206,Melbourne - Inner
3070,206,Melbourne - Inner
3071,206,Melbourne - Inner
3072,209,Melbourne - North East
3073,209,Melbourne - North East
3074,209,Melbourne - North East
3075,209,Melbourne - North East
3076,209,Melbourne - North East
3078,206,Melbourne - Inner
3079,209,Melbourne - North East
3081,209,Melbourne - North East
3082,209,Melbourne - North East
3083,209,Melbourne - North East
3084,209,Melbourne - North East
3085,209,Melbourne - North East
3086,209,Melbourne - North East
3087,209,Melbourne - North East
3088,209,Melbourne - North East
3089,209,Melbourne - North East
3090,209,Melbourne - North East
3091,209,Melbourne - North East
3093,209,Melbourne - North East
3094,209,Melbourne - North East
3095,209,Melbourne - North East
3096,209,Melbourne - North East
3097,209,Melbourne - North East
3099,209,Melbourne - North East
3101,206,Melbourne - Inner
3101,207,Melbourne - Inner East
3102,207,Melbourne - Inner East
3103,207,Melbourne - Inner East
3104,207,Melbourne - Inner East
3105,207,Melbourne - Inner East
3106,207,Melbourne - Inner East
3107,207,Melbourne - Inner East
3108,207,Melbourne - Inner East
3109,207,Melbourne - Inner East
3109,211,Melbourne - Outer East
3111,207,Melbourne - Inner East
3111,211,Melbourne - Outer East
3113,209,Melbourne - North East
3113,211,Melbourne - Outer East
3114,211,Melbourne - Outer East
3115,211,Melbourne - Outer East
3116,211,Melbourne - Outer East
3121,206,Melbourne - Inner
3122,207,Melbourne - Inner East
3123,207,Melbourne - Inner East
3124,207,Melbourne - Inner East
3125,207,Melbourne - Inner East
3125,212,Melbourne - South East
3126,207,Melbourne - Inner East
3127,207,Melbourne - Inner East
3128,207,Melbourne - Inner East
3129,207,Melbourne - Inner East
3130,207,Melbourne - Inner East
3131,211,Melbourne - Outer East
3132,211,Melbourne - Outer East
3133,211,Melbourne - Outer East
3134,211,Melbourne - Outer East
3135,211,Melbourne - Outer East
3136,211,Melbourne - Outer East
3137,211,Melbourne - Outer East
3138,211,Melbourne - Outer East
3139,211,Melbourne - Outer East
3139,212,Melbourne - South East
3140,211,Melbourne - Outer East
3141,206,Melbourne - Inner
3142,206,Melbourne - Inner
3142,207,Melbourne - Inner East
3143,206,Melbourne - Inner
3144,206,Melbourne - Inner
3144,208,Melbourne - Inner South
3145,207,Melbourne - Inner East
3145,208,Melbourne - Inner South
3146,207,Melbourne - Inner East
3146,208,Melbourne - Inner South
3147,207,Melbourne - Inner East
3147,212,Melbourne - South East
3148,212,Melbourne - South East
3149,212,Melbourne - South East
3150,212,Melbourne - South East
3151,207,Melbourne - Inner East
3152,211,Melbourne - Outer East
3153,211,Melbourne - Outer East
3154,211,Melbourne - Outer East
3155,211,Melbourne - Outer East
3156,211,Melbourne - Outer East
3156,212,Melbourne - South East
3158,211,Melbourne - Outer East
3159,211,Melbourne - Outer East
3160,211,Melbourne - Outer East
3161,208,Melbourne - Inner South
3162,208,Melbourne - Inner South
3163,208,Melbourne - Inner South
3165,208,Melbourne - Inner South
3166,208,Melbourne - Inner South
3166,212,Melbourne - South East
3167,212,Melbourne - South East
3168,212,Melbourne - South East
3169,208,Melbourne - Inner South
3169,212,Melbourne - South East
3170,212,Melbourne - South East
3171,212,Melbourne - South East
3172,212,Melbourne - South East
3173,212,Melbourne - South East
3174,212,Melbourne - South East
3175,208,Melbourne - Inner South
3175,212,Melbourne - South East
3177,212,Melbourne - South East
3178,211,Melbourne - Outer East
3179,211,Melbourne - Outer East
3180,211,Melbourne - Outer East
3181,206,Melbourne - Inner
3182,206,Melbourne - Inner
3183,206,Melbourne - Inner
3183,208,Melbourne - Inner South
3184,206,Melbourne - Inner
3185,206,Melbourne - Inner
3185,208,Melbourne - Inner South
3186,208,Melbourne - Inner South
3187,208,Melbourne - Inner South
3188,208,Melbourne - Inner South
3189,208,Melbourne - Inner South
3190,208,Melbourne - Inner South
3191,208,Melbourne - Inner South
3192,208,Melbourne - Inner South
3193,208,Melbourne - Inner South
3194,208,Melbourne - Inner South
3195,208,Melbourne - Inner South
3196,208,Melbourne - Inner South
3197,208,Melbourne - Inner South
3197,214,Mornington Peninsula
3198,214,Mornington Peninsula
3199,214,Mornington Peninsula
3200,214,Mornington Peninsula
3201,214,Mornington Peninsula
3202,208,Melbourne - Inner South
3204,208,Melbourne - Inner South
3205,206,Melbourne - Inner
3206,206,Melbourne - Inner
3207,206,Melbourne - Inner
3211,203,Geelong
3211,213,Melbourne - West
3212,203,Geelong
3214,203,Geelong
3215,203,Geelong
3216,203,Geelong
3217,203,Geelong
3218,203,Geelong
3219,203,Geelong
3220,203,Geelong
3221,203,Geelong
3221,217,Warrnambool and South West
3222,203,Geelong
3223,203,Geelong
3224,203,Geelong
3225,203,Geelong
3226,203,Geelong
3227,203,Geelong
3228,203,Geelong
3230,203,Geelong
3231,203,Geelong
3232,203,Geelong
3233,217,Warrnambool and South West
3235,203,Geelong
3235,217,Warrnambool and South West
3236,217,Warrnambool and South West
3237,217,Warrnambool and South West
3238,217,Warrnambool and South West
3239,217,Warrnambool and South West
3240,203,Geelong
3241,203,Geelong
3241,217,Warrnambool and South West
3242,203,Geelong
3242,217,Warrnambool and South West
3243,217,Warrnambool and South West
3249,217,Warrnambool and South West
3250,217,Warrnambool and South West
3251,217,Warrnambool and South West
3254,217,Warrnambool and South West
3260,217,Warrnambool and South West
3264,217,Warrnambool and South West
3265,217,Warrnambool and South West
3266,217,Warrnambool and South West
3267,217,Warrnambool and South West
3268,217,Warrnambool and South West
3269,217,Warrnambool and South West
3270,217,Warrnambool and South West
3271,215,North West
3271,217,Warrnambool and South West
3272,215,North West
3272,217,Warrnambool and South West
3273,217,Warrnambool and South West
3274,217,Warrnambool and South West
3275,217,Warrnambool and South West
3276,217,Warrnambool and South West
3277,217,Warrnambool and South West
3278,217,Warrnambool and South West
3279,217,Warrnambool and South West
3280,217,Warrnambool and South West
3281,217,Warrnambool and South West
3282,217,Warrnambool and South West
3283,217,Warrnambool and South West
3284,217,Warrnambool and South West
3285,217,Warrnambool and South West
3286,217,Warrnambool and South West
3287,217,Warrnambool and South West
3289,217,Warrnambool and South West
3292,217,Warrnambool and South West
3293,215,North West
3293,217,Warrnambool and South West
3294,215,North West
3294,217,Warrnambool and South West
3300,217,Warrnambool and South West
3301,217,Warrnambool and South West
3302,217,Warrnambool and South West
3303,217,Warrnambool and South West
3304,217,Warrnambool and South West
3305,217,Warrnambool and South West
3309,217,Warrnambool and South West
3310,217,Warrnambool and South West
3311,217,Warrnambool and South West
3312,215,North West
3312,217,Warrnambool and South West
3314,217,Warrnambool and South West
3315,217,Warrnambool and South West
3317,215,North West
3317,217,Warrnambool and South West
3318,215,North West
3318,407,South Australia - South East
3319,215,North West
3321,203,Geelong
3321,217,Warrnambool and South West
3322,203,Geelong
3322,217,Warrnambool and South West
3323,217,Warrnambool and South West
3324,201,Ballarat
3324,217,Warrnambool and South West
3325,201,Ballarat
3325,217,Warrnambool and South West
3328,203,Geelong
3329,203,Geelong
3329,217,Warrnambool and South West
3330,203,Geelong
3331,203,Geelong
3332,203,Geelong
3333,201,Ballarat
3333,203,Geelong
3334,201,Ballarat
3334,203,Geelong
3335,213,Melbourne - West
3337,210,Melbourne - North West
3337,213,Melbourne - West
3338,213,Melbourne - West
3340,201,Ballarat
3340,203,Geelong
3340,213,Melbourne - West
3341,201,Ballarat
3341,213,Melbourne - West
3342,201,Ballarat
3342,203,Geelong
3345,201,Ballarat
3350,201,Ballarat
3351,201,Ballarat
3351,203,Geelong
3351,215,North West
3351,217,Warrnambool and South West
3352,201,Ballarat
3352,203,Geelong
3352,217,Warrnambool and South West
3355,201,Ballarat
3356,201,Ballarat
3357,201,Ballarat
3360,201,Ballarat
3360,217,Warrnambool and South West
3361,201,Ballarat
3361,215,North West
3361,217,Warrnambool and South West
3363,201,Ballarat
3364,201,Ballarat
3364,202,Bendigo
3370,201,Ballarat
3371,201,Ballarat
3373,201,Ballarat
3373,215,North West
3374,215,North West
3375,201,Ballarat
3375,215,North West
3377,201,Ballarat
3377,215,North West
3378,215,North West
3379,215,North West
3379,217,Warrnambool and South West
3380,215,North West
3381,215,North West
3384,201,Ballarat
3384,215,North West
3385,215,North West
3387,215,North West
3388,215,North West
3390,215,North West
3391,215,North West
3392,215,North West
3393,215,North West
3395,215,North West
3396,215,North West
3400,215,North West
3401,215,North West
3401,217,Warrnambool and South West
3407,217,Warrnambool and South West
3409,215,North West
3412,215,North West
3413,215,North West
3414,215,North West
3415,215,North West
3418,215,North West
3419,215,North West
3420,215,North West
3423,215,North West
3424,215,North West
3427,210,Melbourne - North West
3427,213,Melbourne - West
3428,210,Melbourne - North West
3429,210,Melbourne - North West
3430,210,Melbourne - North West
3431,210,Melbourne - North West
3432,210,Melbourne - North West
3433,210,Melbourne - North West
3434,210,Melbourne - North West
3435,202,Bendigo
3435,204,Hume
3435,210,Melbourne - North West
3437,202,Bendigo
3437,210,Melbourne - North West
3438,210,Melbourne - North West
3440,202,Bendigo
3440,210,Melbourne - North West
3441,210,Melbourne - North West
3442,202,Bendigo
3442,210,Melbourne - North West
3444,201,Ballarat
3444,202,Bendigo
3444,204,Hume
3446,201,Ballarat
3446,202,Bendigo
3447,201,Ballarat
3447,202,Bendigo
3448,202,Bendigo
3450,202,Bendigo
3451,201,Ballarat
3451,202,Bendigo
3453,202,Bendigo
3458,201,Ballarat
3458,202,Bendigo
3460,201,Ballarat
3461,201,Ballarat
3461,202,Bendigo
3462,202,Bendigo
3463,202,Bendigo
3464,201,Ballarat
3465,201,Ballarat
3465,215,North West
3467,201,Ballarat
3468,201,Ballarat
3469,201,Ballarat
3472,201,Ballarat
3472,202,Bendigo
3475,201,Ballarat
3475,202,Bendigo
3475,215,North West
3477,201,Ballarat
3477,202,Bendigo
3477,215,North West
3478,201,Ballarat
3478,215,North West
3480,215,North West
3482,215,North West
3483,215,North West
3485,215,North West
3487,215,North West
3488,215,North West
3489,215,North West
3490,109,Murray
3490,215,North West
3491,215,North West
3494,109,Murray
3494,215,North West
3496,215,North West
3498,109,Murray
3498,215,North West
3500,215,North West
3501,109,Murray
3501,215,North West
3505,109,Murray
3505,215,North West
3506,215,North West
3507,215,North West
3509,215,North West
3512,215,North West
3515,202,Bendigo
3516,202,Bendigo
3517,202,Bendigo
3518,202,Bendigo
3518,215,North West
3520,202,Bendigo
3521,204,Hume
3522,204,Hume
3523,202,Bendigo
3523,204,Hume
3523,216,Shepparton
3525,202,Bendigo
3525,215,North West
3527,202,Bendigo
3527,215,North West
3529,215,North West
3530,215,North West
3531,215,North West
3533,215,North West
3537,202,Bendigo
3540,215,North West
3542,215,North West
3544,215,North West
3546,215,North West
3549,109,Murray
3549,215,North West
3550,202,Bendigo
3551,201,Ballarat
3551,202,Bendigo
3551,216,Shepparton
3555,202,Bendigo
3556,202,Bendigo
3557,202,Bendigo
3557,216,Shepparton
3558,202,Bendigo
3558,216,Shepparton
3559,202,Bendigo
3559,216,Shepparton
3561,216,Shepparton
3562,216,Shepparton
3563,216,Shepparton
3564,109,Murray
3564,216,Shepparton
3565,216,Shepparton
3566,216,Shepparton
3567,202,Bendigo
3567,215,North West
3568,215,North West
3570,202,Bendigo
3571,202,Bendigo
3572,202,Bendigo
3572,216,Shepparton
3573,202,Bendigo
3573,216,Shepparton
3575,202,Bendigo
3576,202,Bendigo
3579,109,Murray
3579,202,Bendigo
3579,215,North West
3580,215,North West
3581,215,North West
3583,215,North West
3584,215,North West
3585,109,Murray
3585,215,North West
3586,109,Murray
3586,215,North West
3588,215,North West
3589,215,North West
3590,215,North West
3591,215,North West
3594,215,North West
3595,215,North West
3596,215,North West
3597,215,North West
3599,215,North West
3607,204,Hume
3608,204,Hume
3608,216,Shepparton
3610,204,Hume
3610,216,Shepparton
3612,204,Hume
3612,216,Shepparton
3614,216,Shepparton
3616,216,Shepparton
3617,216,Shepparton
3618,216,Shepparton
3620,216,Shepparton
3621,216,Shepparton
3622,216,Shepparton
3623,216,Shepparton
3624,216,Shepparton
3629,216,Shepparton
3630,216,Shepparton
3631,204,Hume
3631,216,Shepparton
3633,216,Shepparton
3634,216,Shepparton
3635,216,Shepparton
3636,216,Shepparton
3637,216,Shepparton
3638,216,Shepparton
3639,109,Murray
3639,216,Shepparton
3640,216,Shepparton
3641,216,Shepparton
3644,109,Murray
3644,216,Shepparton
3646,204,Hume
3646,216,Shepparton
3647,216,Shepparton
3649,216,Shepparton
3658,204,Hume
3658,209,Melbourne - North East
3659,204,Hume
3660,204,Hume
3662,204,Hume
3663,204,Hume
3664,204,Hume
3665,204,Hume
3666,204,Hume
3669,204,Hume
3669,216,Shepparton
3670,204,Hume
3672,204,Hume
3673,204,Hume
3675,204,Hume
3675,216,Shepparton
3677,204,Hume
3678,204,Hume
3678,216,Shepparton
3682,204,Hume
3683,204,Hume
3685,204,Hume
3685,216,Shepparton
3687,204,Hume
3688,204,Hume
3690,204,Hume
3691,109,Murray
3691,204,Hume
3694,109,Murray
3694,204,Hume
3695,204,Hume
3697,204,Hume
3698,204,Hume
3699,204,Hume
3700,204,Hume
3701,204,Hume
3701,205,Latrobe - Gippsland
3704,204,Hume
3705,204,Hume
3707,113,Riverina
3707,204,Hume
3708,204,Hume
3709,109,Murray
3709,113,Riverina
3709,204,Hume
3711,204,Hume
3712,204,Hume
3713,204,Hume
3714,204,Hume
3715,204,Hume
3717,204,Hume
3718,204,Hume
3719,204,Hume
3720,204,Hume
3722,204,Hume
3723,204,Hume
3725,204,Hume
3726,204,Hume
3727,216,Shepparton
3728,216,Shepparton
3730,216,Shepparton
3732,204,Hume
3733,204,Hume
3735,204,Hume
3737,204,Hume
3738,204,Hume
3739,204,Hume
3740,204,Hume
3741,204,Hume
3744,204,Hume
3746,204,Hume
3747,204,Hume
3749,204,Hume
3750,209,Melbourne - North East
3751,209,Melbourne - North East
3752,209,Melbourne - North East
3753,209,Melbourne - North East
3754,209,Melbourne - North East
3755,209,Melbourne - North East
3756,209,Melbourne - North East
3756,210,Melbourne - North West
3757,209,Melbourne - North East
3758,209,Melbourne - North East
3759,209,Melbourne - North East
3760,209,Melbourne - North East
3761,209,Melbourne - North East
3762,209,Melbourne - North East
3762,210,Melbourne - North West
3763,209,Melbourne - North East
3764,204,Hume
3764,210,Melbourne - North West
3765,211,Melbourne - Outer East
3766,211,Melbourne - Outer East
3767,211,Melbourne - Outer East
3770,211,Melbourne - Outer East
3775,209,Melbourne - North East
3775,211,Melbourne - Outer East
3777,209,Melbourne - North East
3777,211,Melbourne - Outer East
3778,204,Hume
3779,204,Hume
3781,212,Melbourne - South East
3782,211,Melbourne - Outer East
3782,212,Melbourne - South East
3783,212,Melbourne - South East
3785,211,Melbourne - Outer East
3786,211,Melbourne - Outer East
3787,211,Melbourne - Outer East
3788,211,Melbourne - Outer East
3789,211,Melbourne - Outer East
3791,211,Melbourne - Outer East
3792,211,Melbourne - Outer East
3793,211,Melbourne - Outer East
3795,211,Melbourne - Outer East
3796,211,Melbourne - Outer East
3797,211,Melbourne - Outer East
3799,204,Hume
3799,211,Melbourne - Outer East
3800,212,Melbourne - South East
3802,212,Melbourne - South East
3803,212,Melbourne - South East
3804,211,Melbourne - Outer East
3804,212,Melbourne - South East
3805,212,Melbourne - South East
3806,212,Melbourne - South East
3807,212,Melbourne - South East
3808,212,Melbourne - South East
3809,212,Melbourne - South East
3810,212,Melbourne - South East
3812,212,Melbourne - South East
3813,212,Melbourne - South East
3814,212,Melbourne - South East
3815,212,Melbourne - South East
3816,205,Latrobe - Gippsland
3816,212,Melbourne - South East
3818,205,Latrobe - Gippsland
3820,205,Latrobe - Gippsland
3821,205,Latrobe - Gippsland
3822,205,Latrobe - Gippsland
3823,205,Latrobe - Gippsland
3824,205,Latrobe - Gippsland
3825,205,Latrobe - Gippsland
3831,205,Latrobe - Gippsland
3832,205,Latrobe - Gippsland
3833,205,Latrobe - Gippsland
3833,211,Melbourne - Outer East
3835,205,Latrobe - Gippsland
3840,205,Latrobe - Gippsland
3842,205,Latrobe - Gippsland
3844,205,Latrobe - Gippsland
3847,205,Latrobe - Gippsland
3850,205,Latrobe - Gippsland
3851,205,Latrobe - Gippsland
3852,205,Latrobe - Gippsland
3854,205,Latrobe - Gippsland
3856,205,Latrobe - Gippsland
3857,205,Latrobe - Gippsland
3858,205,Latrobe - Gippsland
3859,205,Latrobe - Gippsland
3860,205,Latrobe - Gippsland
3862,205,Latrobe - Gippsland
3864,205,Latrobe - Gippsland
3865,205,Latrobe - Gippsland
3869,205,Latrobe - Gippsland
3870,205,Latrobe - Gippsland
3871,205,Latrobe - Gippsland
3873,205,Latrobe - Gippsland
3874,205,Latrobe - Gippsland
3875,205,Latrobe - Gippsland
3878,205,Latrobe - Gippsland
3880,205,Latrobe - Gippsland
3882,205,Latrobe - Gippsland
3885,205,Latrobe - Gippsland
3886,205,Latrobe - Gippsland
3887,205,Latrobe - Gippsland
3888,205,Latrobe - Gippsland
3889,205,Latrobe - Gippsland
3890,205,Latrobe - Gippsland
3891,205,Latrobe - Gippsland
3892,205,Latrobe - Gippsland
3893,205,Latrobe - Gippsland
3895,205,Latrobe - Gippsland
3896,205,Latrobe - Gippsland
3898,204,Hume
3898,205,Latrobe - Gippsland
3900,205,Latrobe - Gippsland
3902,205,Latrobe - Gippsland
3903,205,Latrobe - Gippsland
3904,205,Latrobe - Gippsland
3909,205,Latrobe - Gippsland
3910,214,Mornington Peninsula
3911,214,Mornington Peninsula
3912,212,Melbourne - South East
3912,214,Mornington Peninsula
3913,214,Mornington Peninsula
3915,214,Mornington Peninsula
3916,214,Mornington Peninsula
3918,214,Mornington Peninsula
3919,214,Mornington Peninsula
3920,214,Mornington Peninsula
3921,205,Latrobe - Gippsland
3922,205,Latrobe - Gippsland
3923,205,Latrobe - Gippsland
3925,205,Latrobe - Gippsland
3926,214,Mornington Peninsula
3927,214,Mornington Peninsula
3928,214,Mornington Peninsula
3929,214,Mornington Peninsula
3930,214,Mornington Peninsula
3931,214,Mornington Peninsula
3933,214,Mornington Peninsula
3934,214,Mornington Peninsula
3936,214,Mornington Peninsula
3937,214,Mornington Peninsula
3938,214,Mornington Peninsula
3939,214,Mornington Peninsula
3940,214,Mornington Peninsula
3941,214,Mornington Peninsula
3942,214,Mornington Peninsula
3943,214,Mornington Peninsula
3944,214,Mornington Peninsula
3945,205,Latrobe - Gippsland
3946,205,Latrobe - Gippsland
3950,205,Latrobe - Gippsland
3951,205,Latrobe - Gippsland
3953,205,Latrobe - Gippsland
3954,205,Latrobe - Gippsland
3956,205,Latrobe - Gippsland
3957,205,Latrobe - Gippsland
3958,205,Latrobe - Gippsland
3959,205,Latrobe - Gippsland
3960,205,Latrobe - Gippsland
3962,205,Latrobe - Gippsland
3964,205,Latrobe - Gippsland
3965,205,Latrobe - Gippsland
3966,205,Latrobe - Gippsland
3967,205,Latrobe - Gippsland
3971,205,Latrobe - Gippsland
3975,212,Melbourne - South East
3976,212,Melbourne - South East
3977,212,Melbourne - South East
3977,214,Mornington Peninsula
3978,212,Melbourne - South East
3979,205,Latrobe - Gippsland
3980,212,Melbourne - South East
3981,205,Latrobe - Gippsland
3981,212,Melbourne - South East
3984,205,Latrobe - Gippsland
3984,212,Melbourne - South East
3987,205,Latrobe - Gippsland
3987,212,Melbourne - South East
3988,205,Latrobe - Gippsland
3990,205,Latrobe - Gippsland
3991,205,Latrobe - Gippsland
3992,205,Latrobe - Gippsland
3995,205,Latrobe - Gippsland
3996,205,Latrobe - Gippsland
4000,305,Brisbane Inner City
4005,305,Brisbane Inner City
4006,305,Brisbane Inner City
4007,305,Brisbane Inner City
4008,302,Brisbane - North
4009,302,Brisbane - North
4009,305,Brisbane Inner City
4010,305,Brisbane Inner City
4011,305,Brisbane Inner City
4012,302,Brisbane - North
4012,305,Brisbane Inner City
4013,302,Brisbane - North
4014,302,Brisbane - North
4017,302,Brisbane - North
4018,302,Brisbane - North
4019,313,Moreton Bay - North
4020,313,Moreton Bay - North
4021,313,Moreton Bay - North
4022,313,Moreton Bay - North
4025,301,Brisbane - East
4029,305,Brisbane Inner City
4030,305,Brisbane Inner City
4031,302,Brisbane - North
4031,305,Brisbane Inner City
4032,302,Brisbane - North
4034,302,Brisbane - North
4035,302,Brisbane - North
4035,314,Moreton Bay - South
4036,302,Brisbane - North
4037,314,Moreton Bay - South
4051,302,Brisbane - North
4051,304,Brisbane - West
4051,305,Brisbane Inner City
4053,302,Brisbane - North
4053,304,Brisbane - West
4053,305,Brisbane Inner City
4053,314,Moreton Bay - South
4054,304,Brisbane - West
4054,314,Moreton Bay - South
4055,304,Brisbane - West
4055,314,Moreton Bay - South
4059,305,Brisbane Inner City
4060,304,Brisbane - West
4060,305,Brisbane Inner City
4061,304,Brisbane - West
4061,305,Brisbane Inner City
4064,305,Brisbane Inner City
4065,305,Brisbane Inner City
4066,304,Brisbane - West
4066,305,Brisbane Inner City
4067,304,Brisbane - West
4068,304,Brisbane - West
4068,305,Brisbane Inner City
4069,304,Brisbane - West
4070,304,Brisbane - West
4070,310,Ipswich
4072,304,Brisbane - West
4073,304,Brisbane - West
4074,304,Brisbane - West
4074,310,Ipswich
4075,304,Brisbane - West
4075,310,Ipswich
4076,310,Ipswich
4077,303,Brisbane - South
4077,310,Ipswich
4078,303,Brisbane - South
4078,310,Ipswich
4101,303,Brisbane - South
4101,305,Brisbane Inner City
4102,303,Brisbane - South
4102,305,Brisbane Inner City
4103,303,Brisbane - South
4104,303,Brisbane - South
4105,303,Brisbane - South
4106,303,Brisbane - South
4106,304,Brisbane - West
4107,303,Brisbane - South
4108,303,Brisbane - South
4109,303,Brisbane - South
4110,303,Brisbane - South
4110,310,Ipswich
4111,303,Brisbane - South
4112,303,Brisbane - South
4113,303,Brisbane - South
4114,311,Logan - Beaudesert
4115,303,Brisbane - South
4116,303,Brisbane - South
4117,303,Brisbane - South
4117,311,Logan - Beaudesert
4118,311,Logan - Beaudesert
4119,311,Logan - Beaudesert
4120,303,Brisbane - South
4121,303,Brisbane - South
4122,303,Brisbane - South
4123,303,Brisbane - South
4123,311,Logan - Beaudesert
4124,310,Ipswich
4124,311,Logan - Beaudesert
4125,311,Logan - Beaudesert
4127,303,Brisbane - South
4127,311,Logan - Beaudesert
4128,311,Logan - Beaudesert
4129,311,Logan - Beaudesert
4130,311,Logan - Beaudesert
4131,311,Logan - Beaudesert
4132,311,Logan - Beaudesert
4133,311,Logan - Beaudesert
4151,303,Brisbane - South
4151,305,Brisbane Inner City
4152,303,Brisbane - South
4152,305,Brisbane Inner City
4153,301,Brisbane - East
4153,303,Brisbane - South
4154,301,Brisbane - East
4155,301,Brisbane - East
4156,301,Brisbane - East
4156,303,Brisbane - South
4157,301,Brisbane - East
4158,301,Brisbane - East
4159,301,Brisbane - East
4160,301,Brisbane - East
4161,301,Brisbane - East
4163,301,Brisbane - East
4164,301,Brisbane - East
4165,301,Brisbane - East
4169,303,Brisbane - South
4169,305,Brisbane Inner City
4170,301,Brisbane - East
4170,303,Brisbane - South
4170,305,Brisbane Inner City
4171,305,Brisbane Inner City
4172,301,Brisbane - East
4172,303,Brisbane - South
4172,305,Brisbane Inner City
4173,301,Brisbane - East
4174,301,Brisbane - East
4178,301,Brisbane - East
4179,301,Brisbane - East
4183,301,Brisbane - East
4184,301,Brisbane - East
4205,311,Logan - Beaudesert
4207,309,Gold Coast
4207,311,Logan - Beaudesert
4208,309,Gold Coast
4209,309,Gold Coast
4210,309,Gold Coast
4211,309,Gold Coast
4212,309,Gold Coast
4213,309,Gold Coast
4214,309,Gold Coast
4215,309,Gold Coast
4216,309,Gold Coast
4217,309,Gold Coast
4218,309,Gold Coast
4219,309,Gold Coast
4220,309,Gold Coast
4221,309,Gold Coast
4223,309,Gold Coast
4224,309,Gold Coast
4225,309,Gold Coast
4226,309,Gold Coast
4227,309,Gold Coast
4228,309,Gold Coast
4229,309,Gold Coast
4230,309,Gold Coast
4270,309,Gold Coast
4270,311,Logan - Beaudesert
4271,309,Gold Coast
4272,309,Gold Coast
4275,309,Gold Coast
4275,311,Logan - Beaudesert
4280,311,Logan - Beaudesert
4285,310,Ipswich
4285,311,Logan - Beaudesert
4287,310,Ipswich
4287,311,Logan - Beaudesert
4300,310,Ipswich
4301,310,Ipswich
4303,310,Ipswich
4304,310,Ipswich
4305,310,Ipswich
4306,307,Darling Downs - Maranoa
4306,310,Ipswich
4306,313,Moreton Bay - North
4306,319,Wide Bay
4307,310,Ipswich
4309,310,Ipswich
4310,310,Ipswich
4311,310,Ipswich
4311,317,Toowoomba
4312,310,Ipswich
4313,310,Ipswich
4313,313,Moreton Bay - North
4340,310,Ipswich
4341,310,Ipswich
4342,310,Ipswich
4342,317,Toowoomba
4343,310,Ipswich
4343,317,Toowoomba
4344,317,Toowoomba
4345,317,Toowoomba
4346,310,Ipswich
4347,317,Toowoomba
4350,307,Darling Downs - Maranoa
4350,317,Toowoomba
4352,307,Darling Downs - Maranoa
4352,317,Toowoomba
4353,307,Darling Downs - Maranoa
4354,307,Darling Downs - Maranoa
4355,307,Darling Downs - Maranoa
4356,307,Darling Downs - Maranoa
4357,307,Darling Downs - Maranoa
4358,307,Darling Downs - Maranoa
4358,317,Toowoomba
4359,307,Darling Downs - Maranoa
4360,307,Darling Downs - Maranoa
4361,307,Darling Downs - Maranoa
4362,307,Darling Downs - Maranoa
4363,307,Darling Downs - Maranoa
4364,307,Darling Downs - Maranoa
4365,307,Darling Downs - Maranoa
4370,307,Darling Downs - Maranoa
4371,307,Darling Downs - Maranoa
4372,307,Darling Downs - Maranoa
4373,307,Darling Downs - Maranoa
4374,307,Darling Downs - Maranoa
4375,307,Darling Downs - Maranoa
4376,307,Darling Downs - Maranoa
4377,307,Darling Downs - Maranoa
4378,307,Darling Downs - Maranoa
4380,307,Darling Downs - Maranoa
4381,307,Darling Downs - Maranoa
4382,307,Darling Downs - Maranoa
4383,110,New England and North West
4383,307,Darling Downs - Maranoa
4384,307,Darling Downs - Maranoa
4385,110,New England and North West
4385,307,Darling Downs - Maranoa
4387,307,Darling Downs - Maranoa
4388,307,Darling Downs - Maranoa
4390,307,Darling Downs - Maranoa
4400,307,Darling Downs - Maranoa
4400,317,Toowoomba
4401,307,Darling Downs - Maranoa
4402,307,Darling Downs - Maranoa
4403,307,Darling Downs - Maranoa
4404,307,Darling Downs - Maranoa
4405,307,Darling Downs - Maranoa
4405,319,Wide Bay
4406,307,Darling Downs - Maranoa
4407,307,Darling Downs - Maranoa
4408,307,Darling Downs - Maranoa
4410,307,Darling Downs - Maranoa
4411,307,Darling Downs - Maranoa
4412,307,Darling Downs - Maranoa
4413,307,Darling Downs - Maranoa
4415,307,Darling Downs - Maranoa
4416,307,Darling Downs - Maranoa
4417,307,Darling Downs - Maranoa
4418,307,Darling Downs - Maranoa
4419,307,Darling Downs - Maranoa
4419,308,Fitzroy
4420,307,Darling Downs - Maranoa
4420,308,Fitzroy
4421,307,Darling Downs - Maranoa
4422,307,Darling Downs - Maranoa
4423,307,Darling Downs - Maranoa
4424,307,Darling Downs - Maranoa
4425,307,Darling Downs - Maranoa
4426,307,Darling Downs - Maranoa
4427,307,Darling Downs - Maranoa
4428,307,Darling Downs - Maranoa
4454,307,Darling Downs - Maranoa
4455,307,Darling Downs - Maranoa
4461,307,Darling Downs - Maranoa
4462,307,Darling Downs - Maranoa
4465,307,Darling Downs - Maranoa
4467,307,Darling Downs - Maranoa
4467,315,Queensland - Outback
4468,315,Queensland - Outback
4470,315,Queensland - Outback
4471,315,Queensland - Outback
4472,315,Queensland - Outback
4474,315,Queensland - Outback
4475,315,Queensland - Outback
4477,315,Queensland - Outback
4478,315,Queensland - Outback
4479,315,Queensland - Outback
4480,315,Queensland - Outback
4481,315,Queensland - Outback
4482,315,Queensland - Outback
4486,307,Darling Downs - Maranoa
4487,307,Darling Downs - Maranoa
4488,307,Darling Downs - Maranoa
4488,315,Queensland - Outback
4489,315,Queensland - Outback
4490,315,Queensland - Outback
4491,315,Queensland - Outback
4492,315,Queensland - Outback
4493,105,Far West and Orana
4493,315,Queensland - Outback
4494,307,Darling Downs - Maranoa
4496,307,Darling Downs - Maranoa
4497,307,Darling Downs - Maranoa
4498,307,Darling Downs - Maranoa
4500,314,Moreton Bay - South
4501,314,Moreton Bay - South
4502,314,Moreton Bay - South
4503,314,Moreton Bay - South
4504,313,Moreton Bay - North
4505,313,Moreton Bay - North
4506,313,Moreton Bay - North
4507,313,Moreton Bay - North
4508,313,Moreton Bay - North
4509,314,Moreton Bay - South
4510,313,Moreton Bay - North
4511,313,Moreton Bay - North
4512,313,Moreton Bay - North
4514,313,Moreton Bay - North
4515,313,Moreton Bay - North
4516,313,Moreton Bay - North
4517,316,Sunshine Coast
4518,316,Sunshine Coast
4519,316,Sunshine Coast
4520,304,Brisbane - West
4520,314,Moreton Bay - South
4521,313,Moreton Bay - North
4521,314,Moreton Bay - South
4550,316,Sunshine Coast
4551,316,Sunshine Coast
4552,313,Moreton Bay - North
4552,316,Sunshine Coast
4553,316,Sunshine Coast
4554,316,Sunshine Coast
4555,316,Sunshine Coast
4556,316,Sunshine Coast
4557,316,Sunshine Coast
4558,316,Sunshine Coast
4559,316,Sunshine Coast
4560,316,Sunshine Coast
4561,316,Sunshine Coast
4562,316,Sunshine Coast
4563,316,Sunshine Coast
4563,319,Wide Bay
4564,316,Sunshine Coast
4565,316,Sunshine Coast
4566,316,Sunshine Coast
4567,316,Sunshine Coast
4568,316,Sunshine Coast
4569,316,Sunshine Coast
4570,319,Wide Bay
4571,316,Sunshine Coast
4572,316,Sunshine Coast
4573,316,Sunshine Coast
4574,316,Sunshine Coast
4574,319,Wide Bay
4575,316,Sunshine Coast
4580,319,Wide Bay
4581,319,Wide Bay
4600,319,Wide Bay
4601,319,Wide Bay
4605,319,Wide Bay
4606,319,Wide Bay
4608,319,Wide Bay
4610,307,Darling Downs - Maranoa
4610,319,Wide Bay
4611,319,Wide Bay
4612,319,Wide Bay
4613,319,Wide Bay
4614,307,Darling Downs - Maranoa
4614,319,Wide Bay
4615,319,Wide Bay
4620,319,Wide Bay
4621,319,Wide Bay
4625,319,Wide Bay
4626,307,Darling Downs - Maranoa
4626,319,Wide Bay
4627,319,Wide Bay
4630,319,Wide Bay
4650,319,Wide Bay
4655,319,Wide Bay
4659,319,Wide Bay
4660,319,Wide Bay
4662,319,Wide Bay
4670,319,Wide Bay
4671,319,Wide Bay
4673,319,Wide Bay
4674,308,Fitzroy
4674,319,Wide Bay
4676,308,Fitzroy
4677,308,Fitzroy
4678,308,Fitzroy
4680,308,Fitzroy
4694,308,Fitzroy
4695,308,Fitzroy
4697,308,Fitzroy
4699,308,Fitzroy
4700,308,Fitzroy
4701,308,Fitzroy
4702,308,Fitzroy
4703,308,Fitzroy
4704,308,Fitzroy
4705,308,Fitzroy
4705,312,Mackay
4706,308,Fitzroy
4707,312,Mackay
4709,308,Fitzroy
4710,308,Fitzroy
4711,308,Fitzroy
4712,308,Fitzroy
4713,308,Fitzroy
4714,308,Fitzroy
4715,308,Fitzroy
4716,308,Fitzroy
4717,308,Fitzroy
4718,308,Fitzroy
4719,308,Fitzroy
4720,308,Fitzroy
4721,308,Fitzroy
4721,312,Mackay
4722,308,Fitzroy
4723,308,Fitzroy
4724,315,Queensland - Outback
4725,315,Queensland - Outback
4726,315,Queensland - Outback
4727,315,Queensland - Outback
4728,315,Queensland - Outback
4730,315,Queensland - Outback
4731,315,Queensland - Outback
4732,315,Queensland - Outback
4733,315,Queensland - Outback
4735,315,Queensland - Outback
4736,315,Queensland - Outback
4737,312,Mackay
4738,312,Mackay
4739,312,Mackay
4740,312,Mackay
4741,312,Mackay
4742,312,Mackay
4743,312,Mackay
4744,312,Mackay
4745,308,Fitzroy
4745,312,Mackay
4746,312,Mackay
4750,312,Mackay
4751,312,Mackay
4753,312,Mackay
4754,312,Mackay
4756,312,Mackay
4757,312,Mackay
4798,312,Mackay
4799,312,Mackay
4800,312,Mackay
4801,312,Mackay
4802,312,Mackay
4803,312,Mackay
4804,312,Mackay
4805,312,Mackay
4806,318,Townsville
4807,318,Townsville
4808,318,Townsville
4809,315,Queensland - Outback
4809,318,Townsville
4810,318,Townsville
4811,318,Townsville
4812,318,Townsville
4813,318,Townsville
4814,318,Townsville
4815,318,Townsville
4816,306,Cairns
4816,315,Queensland - Outback
4816,318,Townsville
4817,318,Townsville
4818,318,Townsville
4819,318,Townsville
4820,312,Mackay
4820,318,Townsville
4821,315,Queensland - Outback
4822,315,Queensland - Outback
4823,315,Queensland - Outback
4824,315,Queensland - Outback
4825,315,Queensland - Outback
4825,702,Northern Territory - Outback
4828,315,Queensland - Outback
4829,315,Queensland - Outback
4830,315,Queensland - Outback
4849,306,Cairns
4850,318,Townsville
4852,306,Cairns
4854,306,Cairns
4855,306,Cairns
4856,306,Cairns
4857,306,Cairns
4858,306,Cairns
4859,306,Cairns
4860,306,Cairns
4861,306,Cairns
4865,306,Cairns
4868,306,Cairns
4869,306,Cairns
4870,306,Cairns
4871,306,Cairns
4871,315,Queensland - Outback
4872,306,Cairns
4872,315,Queensland - Outback
4873,306,Cairns
4874,315,Queensland - Outback
4875,315,Queensland - Outback
4876,315,Queensland - Outback
4877,306,Cairns
4878,306,Cairns
4879,306,Cairns
4880,306,Cairns
4880,315,Queensland - Outback
4881,306,Cairns
4882,306,Cairns
4883,306,Cairns
4884,306,Cairns
4885,306,Cairns
4886,306,Cairns
4887,306,Cairns
4887,315,Queensland - Outback
4888,306,Cairns
4890,315,Queensland - Outback
4891,315,Queensland - Outback
4895,306,Cairns
4895,315,Queensland - Outback
5000,401,Adelaide - Central and Hills
5005,401,Adelaide - Central and Hills
5006,401,Adelaide - Central and Hills
5007,404,Adelaide - West
5008,404,Adelaide - West
5009,404,Adelaide - West
5010,404,Adelaide - West
5011,404,Adelaide - West
5012,404,Adelaide - West
5013,404,Adelaide - West
5014,404,Adelaide - West
5015,404,Adelaide - West
5016,404,Adelaide - West
5017,404,Adelaide - West
5018,404,Adelaide - West
5019,404,Adelaide - West
5020,404,Adelaide - West
5021,404,Adelaide - West
5022,404,Adelaide - West
5023,404,Adelaide - West
5024,404,Adelaide - West
5025,404,Adelaide - West
5031,404,Adelaide - West
5032,404,Adelaide - West
5033,404,Adelaide - West
5034,401,Adelaide - Central and Hills
5035,401,Adelaide - Central and Hills
5035,404,Adelaide - West
5037,403,Adelaide - South
5037,404,Adelaide - West
5038,403,Adelaide - South
5038,404,Adelaide - West
5039,403,Adelaide - South
5040,404,Adelaide - West
5041,403,Adelaide - South
5042,403,Adelaide - South
5043,403,Adelaide - South
5044,403,Adelaide - South
5045,403,Adelaide - South
5045,404,Adelaide - West
5046,403,Adelaide - South
5047,403,Adelaide - South
5048,403,Adelaide - South
5049,403,Adelaide - South
5050,403,Adelaide - South
5051,403,Adelaide - South
5052,403,Adelaide - South
5061,401,Adelaide - Central and Hills
5062,403,Adelaide - South
5063,401,Adelaide - Central and Hills
5064,401,Adelaide - Central and Hills
5064,403,Adelaide - South
5065,401,Adelaide - Central and Hills
5066,401,Adelaide - Central and Hills
5067,401,Adelaide - Central and Hills
5068,401,Adelaide - Central and Hills
5069,401,Adelaide - Central and Hills
5070,401,Adelaide - Central and Hills
5070,402,Adelaide - North
5072,401,Adelaide - Central and Hills
5073,401,Adelaide - Central and Hills
5074,401,Adelaide - Central and Hills
5074,402,Adelaide - North
5075,401,Adelaide - Central and Hills
5075,402,Adelaide - North
5076,401,Adelaide - Central and Hills
5081,401,Adelaide - Central and Hills
5082,401,Adelaide - Central and Hills
5082,404,Adelaide - West
5083,401,Adelaide - Central and Hills
5083,402,Adelaide - North
5084,402,Adelaide - North
5085,402,Adelaide - North
5086,402,Adelaide - North
5087,402,Adelaide - North
5088,402,Adelaide - North
5089,402,Adelaide - North
5090,402,Adelaide - North
5091,402,Adelaide - North
5092,402,Adelaide - North
5093,402,Adelaide - North
5094,402,Adelaide - North
5095,402,Adelaide - North
5096,402,Adelaide - North
5097,402,Adelaide - North
5098,402,Adelaide - North
5106,402,Adelaide - North
5107,402,Adelaide - North
5108,402,Adelaide - North
5109,402,Adelaide - North
5110,402,Adelaide - North
5111,402,Adelaide - North
5112,402,Adelaide - North
5113,402,Adelaide - North
5114,401,Adelaide - Central and Hills
5114,402,Adelaide - North
5115,402,Adelaide - North
5116,402,Adelaide - North
5117,402,Adelaide - North
5118,402,Adelaide - North
5120,402,Adelaide - North
5121,402,Adelaide - North
5125,402,Adelaide - North
5126,402,Adelaide - North
5127,402,Adelaide - North
5131,401,Adelaide - Central and Hills
5131,402,Adelaide - North
5132,401,Adelaide - Central and Hills
5133,401,Adelaide - Central and Hills
5134,401,Adelaide - Central and Hills
5136,401,Adelaide - Central and Hills
5137,401,Adelaide - Central and Hills
5138,401,Adelaide - Central and Hills
5139,401,Adelaide - Central and Hills
5140,401,Adelaide - Central and Hills
5141,401,Adelaide - Central and Hills
5142,401,Adelaide - Central and Hills
5144,401,Adelaide - Central and Hills
5150,401,Adelaide - Central and Hills
5150,403,Adelaide - South
5151,401,Adelaide - Central and Hills
5152,401,Adelaide - Central and Hills
5152,403,Adelaide - South
5153,401,Adelaide - Central and Hills
5153,403,Adelaide - South
5153,407,South Australia - South East
5154,401,Adelaide - Central and Hills
5155,401,Adelaide - Central and Hills
5156,401,Adelaide - Central and Hills
5156,403,Adelaide - South
5157,401,Adelaide - Central and Hills
5157,403,Adelaide - South
5157,407,South Australia - South East
5158,403,Adelaide - South
5159,403,Adelaide - South
5160,403,Adelaide - South
5161,403,Adelaide - South
5162,403,Adelaide - South
5163,403,Adelaide - South
5164,403,Adelaide - South
5165,403,Adelaide - South
5166,403,Adelaide - South
5167,403,Adelaide - South
5168,403,Adelaide - South
5169,403,Adelaide - South
5170,403,Adelaide - South
5171,403,Adelaide - South
5172,401,Adelaide - Central and Hills
5172,403,Adelaide - South
5172,407,South Australia - South East
5173,403,Adelaide - South
5174,403,Adelaide - South
5174,407,South Australia - South East
5201,401,Adelaide - Central and Hills
5201,407,South Australia - South East
5202,407,South Australia - South East
5203,407,South Australia - South East
5204,407,South Australia - South East
5210,407,South Australia - South East
5211,407,South Australia - South East
5212,407,South Australia - South East
5213,407,South Australia - South East
5214,407,South Australia - South East
5220,407,South Australia - South East
5221,407,South Australia - South East
5222,407,South Australia - South East
5223,407,South Australia - South East
5231,401,Adelaide - Central and Hills
5232,401,Adelaide - Central and Hills
5233,401,Adelaide - Central and Hills
5234,401,Adelaide - Central and Hills
5234,407,South Australia - South East
5235,401,Adelaide - Central and Hills
5235,405,Barossa - Yorke - Mid North
5235,407,South Australia - South East
5236,407,South Australia - South East
5237,407,South Australia - South East
5238,407,South Australia - South East
5240,401,Adelaide - Central and Hills
5241,401,Adelaide - Central and Hills
5242,401,Adelaide - Central and Hills
5243,401,Adelaide - Central and Hills
5244,401,Adelaide - Central and Hills
5244,407,South Australia - South East
5245,401,Adelaide - Central and Hills
5250,401,Adelaide - Central and Hills
5251,401,Adelaide - Central and Hills
5252,401,Adelaide - Central and Hills
5252,407,South Australia - South East
5253,407,South Australia - South East
5254,401,Adelaide - Central and Hills
5254,407,South Australia - South East
5255,407,South Australia - South East
5256,407,South Australia - South East
5259,407,South Australia - South East
5260,407,South Australia - South East
5261,407,South Australia - South East
5262,407,South Australia - South East
5263,407,South Australia - South East
5264,407,South Australia - South East
5265,407,South Australia - South East
5266,407,South Australia - South East
5267,407,South Australia - South East
5268,407,South Australia - South East
5269,407,South Australia - South East
5270,407,South Australia - South East
5271,407,South Australia - South East
5272,407,South Australia - South East
5273,407,South Australia - South East
5275,407,South Australia - South East
5276,407,South Australia - South East
5277,407,South Australia - South East
5278,407,South Australia - South East
5279,407,South Australia - South East
5280,407,South Australia - South East
5290,407,South Australia - South East
5291,407,South Australia - South East
5301,407,South Australia - South East
5302,407,South Australia - South East
5303,407,South Australia - South East
5304,407,South Australia - South East
5306,407,South Australia - South East
5307,407,South Australia - South East
5308,407,South Australia - South East
5309,407,South Australia - South East
5310,407,South Australia - South East
5311,407,South Australia - South East
5320,405,Barossa - Yorke - Mid North
5320,407,South Australia - South East
5321,407,South Australia - South East
5322,407,South Australia - South East
5330,407,South Australia - South East
5331,407,South Australia - South East
5332,407,South Australia - South East
5333,407,South Australia - South East
5340,406,South Australia - Outback
5340,407,South Australia - South East
5341,407,South Australia - South East
5342,407,South Australia - South East
5343,407,South Australia - South East
5344,407,South Australia - South East
5345,407,South Australia - South East
5346,407,South Australia - South East
5350,405,Barossa - Yorke - Mid North
5351,405,Barossa - Yorke - Mid North
5352,405,Barossa - Yorke - Mid North
5353,405,Barossa - Yorke - Mid North
5353,407,South Australia - South East
5354,407,South Australia - South East
5355,405,Barossa - Yorke - Mid North
5356,405,Barossa - Yorke - Mid North
5356,407,South Australia - South East
5357,407,South Australia - South East
5360,405,Barossa - Yorke - Mid North
5371,402,Adelaide - North
5371,405,Barossa - Yorke - Mid North
5372,402,Adelaide - North
5372,405,Barossa - Yorke - Mid North
5373,405,Barossa - Yorke - Mid North
5374,405,Barossa - Yorke - Mid North
5374,407,South Australia - South East
5381,405,Barossa - Yorke - Mid North
5400,402,Adelaide - North
5400,405,Barossa - Yorke - Mid North
5401,405,Barossa - Yorke - Mid North
5410,405,Barossa - Yorke - Mid North
5411,405,Barossa - Yorke - Mid North
5412,405,Barossa - Yorke - Mid North
5413,405,Barossa - Yorke - Mid North
5414,405,Barossa - Yorke - Mid North
5415,405,Barossa - Yorke - Mid North
5416,405,Barossa - Yorke - Mid North
5417,405,Barossa - Yorke - Mid North
5418,405,Barossa - Yorke - Mid North
5419,405,Barossa - Yorke - Mid North
5420,405,Barossa - Yorke - Mid North
5421,405,Barossa - Yorke - Mid North
5422,405,Barossa - Yorke - Mid North
5431,405,Barossa - Yorke - Mid North
5432,405,Barossa - Yorke - Mid North
5432,406,South Australia - Outback
5433,405,Barossa - Yorke - Mid North
5433,406,South Australia - Outback
5434,406,South Australia - Outback
5440,405,Barossa - Yorke - Mid North
5440,406,South Australia - Outback
5440,407,South Australia - South East
5451,405,Barossa - Yorke - Mid North
5452,405,Barossa - Yorke - Mid North
5453,405,Barossa - Yorke - Mid North
5454,405,Barossa - Yorke - Mid North
5455,405,Barossa - Yorke - Mid North
5460,405,Barossa - Yorke - Mid North
5461,405,Barossa - Yorke - Mid North
5462,405,Barossa - Yorke - Mid North
5464,405,Barossa - Yorke - Mid North
5470,405,Barossa - Yorke - Mid North
5471,405,Barossa - Yorke - Mid North
5472,405,Barossa - Yorke - Mid North
5473,405,Barossa - Yorke - Mid North
5480,405,Barossa - Yorke - Mid North
5481,405,Barossa - Yorke - Mid North
5482,405,Barossa - Yorke - Mid North
5483,405,Barossa - Yorke - Mid North
5485,405,Barossa - Yorke - Mid North
5490,405,Barossa - Yorke - Mid North
5491,405,Barossa - Yorke - Mid North
5493,405,Barossa - Yorke - Mid North
5495,405,Barossa - Yorke - Mid North
5501,402,Adelaide - North
5501,405,Barossa - Yorke - Mid North
5502,405,Barossa - Yorke - Mid North
5510,405,Barossa - Yorke - Mid North
5520,405,Barossa - Yorke - Mid North
5521,405,Barossa - Yorke - Mid North
5522,405,Barossa - Yorke - Mid North
5523,405,Barossa - Yorke - Mid North
5540,405,Barossa - Yorke - Mid North
5550,405,Barossa - Yorke - Mid North
5552,405,Barossa - Yorke - Mid North
5554,405,Barossa - Yorke - Mid North
5555,405,Barossa - Yorke - Mid North
5556,405,Barossa - Yorke - Mid North
5558,405,Barossa - Yorke - Mid North
5560,405,Barossa - Yorke - Mid North
5570,405,Barossa - Yorke - Mid North
5571,405,Barossa - Yorke - Mid North
5572,405,Barossa - Yorke - Mid North
5573,405,Barossa - Yorke - Mid North
5575,405,Barossa - Yorke - Mid North
5576,405,Barossa - Yorke - Mid North
5577,405,Barossa - Yorke - Mid North
5580,405,Barossa - Yorke - Mid North
5581,405,Barossa - Yorke - Mid North
5582,405,Barossa - Yorke - Mid North
5583,405,Barossa - Yorke - Mid North
5600,406,South Australia - Outback
5601,406,South Australia - Outback
5602,406,South Australia - Outback
5603,406,South Australia - Outback
5604,406,South Australia - Outback
5605,406,South Australia - Outback
5606,406,South Australia - Outback
5607,406,South Australia - Outback
5608,406,South Australia - Outback
5609,406,South Australia - Outback
5630,406,South Australia - Outback
5631,406,South Australia - Outback
5632,406,South Australia - Outback
5633,406,South Australia - Outback
5640,406,South Australia - Outback
5641,406,South Australia - Outback
5642,406,South Australia - Outback
5650,406,South Australia - Outback
5651,406,South Australia - Outback
5652,406,South Australia - Outback
5653,406,South Australia - Outback
5654,406,South Australia - Outback
5655,406,South Australia - Outback
5660,406,South Australia - Outback
5661,406,South Australia - Outback
5670,406,South Australia - Outback
5671,406,South Australia - Outback
5680,406,South Australia - Outback
5690,406,South Australia - Outback
5700,406,South Australia - Outback
5710,405,Barossa - Yorke - Mid North
5710,406,South Australia - Outback
5720,406,South Australia - Outback
5722,406,South Australia - Outback
5723,406,South Australia - Outback
5724,406,South Australia - Outback
5725,406,South Australia - Outback
5730,406,South Australia - Outback
5731,406,South Australia - Outback
5732,406,South Australia - Outback
5733,406,South Australia - Outback
5734,406,South Australia - Outback
5950,404,Adelaide - West
6000,503,Perth - Inner
6003,503,Perth - Inner
6004,503,Perth - Inner
6005,503,Perth - Inner
6006,503,Perth - Inner
6007,503,Perth - Inner
6008,503,Perth - Inner
6009,503,Perth - Inner
6010,503,Perth - Inner
6011,503,Perth - Inner
6012,503,Perth - Inner
6014,503,Perth - Inner
6014,505,Perth - North West
6015,503,Perth - Inner
6015,505,Perth - North West
6016,503,Perth - Inner
6017,505,Perth - North West
6018,505,Perth - North West
6019,503,Perth - Inner
6019,505,Perth - North West
6020,505,Perth - North West
6021,505,Perth - North West
6022,505,Perth - North West
6023,505,Perth - North West
6024,505,Perth - North West
6025,505,Perth - North West
6026,505,Perth - North West
6027,505,Perth - North West
6028,505,Perth - North West
6029,505,Perth - North West
6030,505,Perth - North West
6031,505,Perth - North West
6032,505,Perth - North West
6033,505,Perth - North West
6034,505,Perth - North West
6035,505,Perth - North West
6036,505,Perth - North West
6037,505,Perth - North West
6038,505,Perth - North West
6041,509,Western Australia - Wheat Belt
6042,509,Western Australia - Wheat Belt
6043,509,Western Australia - Wheat Belt
6044,509,Western Australia - Wheat Belt
6050,503,Perth - Inner
6050,504,Perth - North East
6050,505,Perth - North West
6051,503,Perth - Inner
6051,504,Perth - North East
6052,503,Perth - Inner
6052,504,Perth - North East
6052,505,Perth - North West
6053,504,Perth - North East
6054,504,Perth - North East
6055,504,Perth - North East
6056,504,Perth - North East
6057,506,Perth - South East
6058,506,Perth - South East
6059,504,Perth - North East
6059,505,Perth - North West
6060,505,Perth - North West
6061,505,Perth - North West
6062,504,Perth - North East
6062,505,Perth - North West
6063,504,Perth - North East
6064,504,Perth - North East
6064,505,Perth - North West
6065,505,Perth - North West
6066,504,Perth - North East
6067,504,Perth - North East
6068,504,Perth - North East
6069,504,Perth - North East
6070,504,Perth - North East
6071,504,Perth - North East
6072,504,Perth - North East
6073,504,Perth - North East
6074,504,Perth - North East
6076,504,Perth - North East
6076,506,Perth - South East
6077,505,Perth - North West
6078,505,Perth - North West
6079,504,Perth - North East
6079,505,Perth - North West
6081,504,Perth - North East
6082,504,Perth - North East
6083,504,Perth - North East
6083,509,Western Australia - Wheat Belt
6084,504,Perth - North East
6084,509,Western Australia - Wheat Belt
6090,504,Perth - North East
6100,506,Perth - South East
6101,506,Perth - South East
6102,506,Perth - South East
6103,506,Perth - South East
6104,506,Perth - South East
6105,506,Perth - South East
6106,506,Perth - South East
6107,506,Perth - South East
6108,506,Perth - South East
6109,506,Perth - South East
6110,506,Perth - South East
6111,506,Perth - South East
6112,506,Perth - South East
6121,506,Perth - South East
6122,506,Perth - South East
6123,506,Perth - South East
6124,506,Perth - South East
6125,506,Perth - South East
6126,506,Perth - South East
6147,506,Perth - South East
6148,506,Perth - South East
6149,506,Perth - South East
6149,507,Perth - South West
6150,507,Perth - South West
6151,506,Perth - South East
6152,506,Perth - South East
6153,507,Perth - South West
6154,507,Perth - South West
6155,506,Perth - South East
6155,507,Perth - South West
6156,507,Perth - South West
6157,507,Perth - South West
6158,507,Perth - South West
6159,507,Perth - South West
6160,507,Perth - South West
6161,507,Perth - South West
6162,507,Perth - South West
6163,507,Perth - South West
6164,507,Perth - South West
6165,507,Perth - South West
6166,507,Perth - South West
6167,507,Perth - South West
6168,507,Perth - South West
6169,507,Perth - South West
6170,507,Perth - South West
6171,507,Perth - South West
6172,507,Perth - South West
6173,507,Perth - South West
6174,507,Perth - South West
6175,507,Perth - South West
6176,507,Perth - South West
6180,502,Mandurah
6181,502,Mandurah
6182,502,Mandurah
6182,506,Perth - South East
6182,507,Perth - South West
6207,502,Mandurah
6207,509,Western Australia - Wheat Belt
6208,502,Mandurah
6209,502,Mandurah
6210,502,Mandurah
6211,502,Mandurah
6213,509,Western Australia - Wheat Belt
6214,501,Bunbury
6214,502,Mandurah
6215,501,Bunbury
6218,501,Bunbury
6220,501,Bunbury
6221,501,Bunbury
6223,501,Bunbury
6224,501,Bunbury
6225,501,Bunbury
6225,509,Western Australia - Wheat Belt
6226,501,Bunbury
6227,501,Bunbury
6228,501,Bunbury
6229,501,Bunbury
6230,501,Bunbury
6232,501,Bunbury
6233,501,Bunbury
6236,501,Bunbury
6237,501,Bunbury
6239,501,Bunbury
6240,501,Bunbury
6243,501,Bunbury
6244,501,Bunbury
6244,509,Western Australia - Wheat Belt
6251,501,Bunbury
6252,501,Bunbury
6253,501,Bunbury
6254,501,Bunbury
6255,501,Bunbury
6256,501,Bunbury
6258,501,Bunbury
6260,501,Bunbury
6262,501,Bunbury
6271,501,Bunbury
6275,501,Bunbury
6280,501,Bunbury
6281,501,Bunbury
6282,501,Bunbury
6284,501,Bunbury
6285,501,Bunbury
6286,501,Bunbury
6288,501,Bunbury
6290,501,Bunbury
6302,509,Western Australia - Wheat Belt
6304,509,Western Australia - Wheat Belt
6306,509,Western Australia - Wheat Belt
6308,509,Western Australia - Wheat Belt
6309,509,Western Australia - Wheat Belt
6311,509,Western Australia - Wheat Belt
6312,509,Western Australia - Wheat Belt
6313,509,Western Australia - Wheat Belt
6315,509,Western Australia - Wheat Belt
6316,509,Western Australia - Wheat Belt
6317,509,Western Australia - Wheat Belt
6318,509,Western Australia - Wheat Belt
6320,509,Western Australia - Wheat Belt
6321,509,Western Australia - Wheat Belt
6322,509,Western Australia - Wheat Belt
6323,509,Western Australia - Wheat Belt
6324,509,Western Australia - Wheat Belt
6326,509,Western Australia - Wheat Belt
6327,509,Western Australia - Wheat Belt
6328,509,Western Australia - Wheat Belt
6330,509,Western Australia - Wheat Belt
6333,509,Western Australia - Wheat Belt
6335,509,Western Australia - Wheat Belt
6336,509,Western Australia - Wheat Belt
6337,508,Western Australia - Outback
6337,509,Western Australia - Wheat Belt
6338,508,Western Australia - Outback
6338,509,Western Australia - Wheat Belt
6341,509,Western Australia - Wheat Belt
6343,509,Western Australia - Wheat Belt
6346,508,Western Australia - Outback
6348,508,Western Australia - Outback
6350,509,Western Australia - Wheat Belt
6351,509,Western Australia - Wheat Belt
6352,509,Western Australia - Wheat Belt
6353,509,Western Australia - Wheat Belt
6355,509,Western Australia - Wheat Belt
6356,508,Western Australia - Outback
6356,509,Western Australia - Wheat Belt
6357,509,Western Australia - Wheat Belt
6358,509,Western Australia - Wheat Belt
6359,509,Western Australia - Wheat Belt
6361,509,Western Australia - Wheat Belt
6363,509,Western Australia - Wheat Belt
6365,509,Western Australia - Wheat Belt
6367,509,Western Australia - Wheat Belt
6368,509,Western Australia - Wheat Belt
6369,509,Western Australia - Wheat Belt
6370,509,Western Australia - Wheat Belt
6372,509,Western Australia - Wheat Belt
6373,509,Western Australia - Wheat Belt
6375,509,Western Australia - Wheat Belt
6383,509,Western Australia - Wheat Belt
6384,509,Western Australia - Wheat Belt
6385,509,Western Australia - Wheat Belt
6386,509,Western Australia - Wheat Belt
6390,509,Western Australia - Wheat Belt
6391,509,Western Australia - Wheat Belt
6392,509,Western Australia - Wheat Belt
6393,509,Western Australia - Wheat Belt
6394,509,Western Australia - Wheat Belt
6395,501,Bunbury
6395,509,Western Australia - Wheat Belt
6396,509,Western Australia - Wheat Belt
6397,509,Western Australia - Wheat Belt
6398,501,Bunbury
6401,509,Western Australia - Wheat Belt
6403,509,Western Australia - Wheat Belt
6405,509,Western Australia - Wheat Belt
6407,509,Western Australia - Wheat Belt
6409,509,Western Australia - Wheat Belt
6410,509,Western Australia - Wheat Belt
6411,509,Western Australia - Wheat Belt
6412,509,Western Australia - Wheat Belt
6413,509,Western Australia - Wheat Belt
6414,509,Western Australia - Wheat Belt
6415,509,Western Australia - Wheat Belt
6418,509,Western Australia - Wheat Belt
6419,509,Western Australia - Wheat Belt
6420,509,Western Australia - Wheat Belt
6421,509,Western Australia - Wheat Belt
6422,509,Western Australia - Wheat Belt
6423,509,Western Australia - Wheat Belt
6424,509,Western Australia - Wheat Belt
6425,509,Western Australia - Wheat Belt
6426,509,Western Australia - Wheat Belt
6427,509,Western Australia - Wheat Belt
6428,509,Western Australia - Wheat Belt
6429,508,Western Australia - Outback
6430,508,Western Australia - Outback
6431,508,Western Australia - Outback
6432,508,Western Australia - Outback
6434,508,Western Australia - Outback
6436,508,Western Australia - Outback
6437,508,Western Australia - Outback
6438,508,Western Australia - Outback
6440,508,Western Australia - Outback
6442,508,Western Australia - Outback
6443,508,Western Australia - Outback
6445,508,Western Australia - Outback
6446,508,Western Australia - Outback
6447,508,Western Australia - Outback
6448,508,Western Australia - Outback
6450,508,Western Australia - Outback
6452,508,Western Australia - Outback
6460,509,Western Australia - Wheat Belt
6461,509,Western Australia - Wheat Belt
6462,509,Western Australia - Wheat Belt
6463,509,Western Australia - Wheat Belt
6465,509,Western Australia - Wheat Belt
6466,509,Western Australia - Wheat Belt
6467,509,Western Australia - Wheat Belt
6468,509,Western Australia - Wheat Belt
6470,509,Western Australia - Wheat Belt
6472,509,Western Australia - Wheat Belt
6473,509,Western Australia - Wheat Belt
6475,509,Western Australia - Wheat Belt
6476,509,Western Australia - Wheat Belt
6477,509,Western Australia - Wheat Belt
6479,509,Western Australia - Wheat Belt
6480,509,Western Australia - Wheat Belt
6484,509,Western Australia - Wheat Belt
6485,509,Western Australia - Wheat Belt
6487,509,Western Australia - Wheat Belt
6488,509,Western Australia - Wheat Belt
6489,509,Western Australia - Wheat Belt
6490,509,Western Australia - Wheat Belt
6501,509,Western Australia - Wheat Belt
6502,509,Western Australia - Wheat Belt
6503,509,Western Australia - Wheat Belt
6504,509,Western Australia - Wheat Belt
6505,509,Western Australia - Wheat Belt
6506,509,Western Australia - Wheat Belt
6507,509,Western Australia - Wheat Belt
6509,509,Western Australia - Wheat Belt
6510,509,Western Australia - Wheat Belt
6511,509,Western Australia - Wheat Belt
6512,509,Western Australia - Wheat Belt
6513,508,Western Australia - Outback
6513,509,Western Australia - Wheat Belt
6514,508,Western Australia - Outback
6515,508,Western Australia - Outback
6516,509,Western Australia - Wheat Belt
6517,508,Western Australia - Outback
6518,508,Western Australia - Outback
6519,508,Western Australia - Outback
6521,509,Western Australia - Wheat Belt
6522,508,Western Australia - Outback
6525,508,Western Australia - Outback
6528,508,Western Australia - Outback
6530,508,Western Australia - Outback
6532,508,Western Australia - Outback
6535,508,Western Australia - Outback
6536,508,Western Australia - Outback
6537,508,Western Australia - Outback
6556,504,Perth - North East
6558,504,Perth - North East
6558,509,Western Australia - Wheat Belt
6560,504,Perth - North East
6560,509,Western Australia - Wheat Belt
6562,509,Western Australia - Wheat Belt
6564,509,Western Australia - Wheat Belt
6566,509,Western Australia - Wheat Belt
6567,509,Western Australia - Wheat Belt
6568,509,Western Australia - Wheat Belt
6569,509,Western Australia - Wheat Belt
6571,509,Western Australia - Wheat Belt
6572,509,Western Australia - Wheat Belt
6574,509,Western Australia - Wheat Belt
6575,509,Western Australia - Wheat Belt
6603,509,Western Australia - Wheat Belt
6605,509,Western Australia - Wheat Belt
6606,509,Western Australia - Wheat Belt
6608,509,Western Australia - Wheat Belt
6609,509,Western Australia - Wheat Belt
6612,508,Western Australia - Outback
6612,509,Western Australia - Wheat Belt
6613,509,Western Australia - Wheat Belt
6614,508,Western Australia - Outback
6616,508,Western Australia - Outback
6620,508,Western Australia - Outback
6623,508,Western Australia - Outback
6625,508,Western Australia - Outback
6627,508,Western Australia - Outback
6628,508,Western Australia - Outback
6630,508,Western Australia - Outback
6631,508,Western Australia - Outback
6632,508,Western Australia - Outback
6635,508,Western Australia - Outback
6638,508,Western Australia - Outback
6639,508,Western Australia - Outback
6640,508,Western Australia - Outback
6642,508,Western Australia - Outback
6646,508,Western Australia - Outback
6701,508,Western Australia - Outback
6705,508,Western Australia - Outback
6707,508,Western Australia - Outback
6710,508,Western Australia - Outback
6711,508,Western Australia - Outback
6712,508,Western Australia - Outback
6713,508,Western Australia - Outback
6714,508,Western Australia - Outback
6716,508,Western Australia - Outback
6718,508,Western Australia - Outback
6720,508,Western Australia - Outback
6721,508,Western Australia - Outback
6722,508,Western Australia - Outback
6725,508,Western Australia - Outback
6726,508,Western Australia - Outback
6728,508,Western Australia - Outback
6731,508,Western Australia - Outback
6733,508,Western Australia - Outback
6740,508,Western Australia - Outback
6743,508,Western Australia - Outback
6751,508,Western Australia - Outback
6753,508,Western Australia - Outback
6754,508,Western Australia - Outback
6758,508,Western Australia - Outback
6760,508,Western Australia - Outback
6762,508,Western Australia - Outback
6765,508,Western Australia - Outback
6770,508,Western Australia - Outback
6798,901,Other Territories
6799,901,Other Territories
6907,503,Perth - Inner
7000,601,Hobart
7001,603,South East
7004,601,Hobart
7005,601,Hobart
7007,601,Hobart
7008,601,Hobart
7009,601,Hobart
7010,601,Hobart
7011,601,Hobart
7012,601,Hobart
7012,603,South East
7015,601,Hobart
7016,601,Hobart
7017,601,Hobart
7017,603,South East
7018,601,Hobart
7019,601,Hobart
7020,601,Hobart
7021,601,Hobart
7022,601,Hobart
7023,601,Hobart
7024,601,Hobart
7025,601,Hobart
7026,601,Hobart
7026,603,South East
7027,603,South East
7030,601,Hobart
7030,603,South East
7050,601,Hobart
7052,601,Hobart
7053,601,Hobart
7054,601,Hobart
7054,603,South East
7055,601,Hobart
7109,601,Hobart
7109,603,South East
7112,603,South East
7113,603,South East
7116,603,South East
7117,603,South East
7119,603,South East
7120,602,Launceston and North East
7120,603,South East
7139,603,South East
7140,601,Hobart
7140,603,South East
7150,601,Hobart
7150,603,South East
7155,603,South East
7162,603,South East
7163,603,South East
7170,601,Hobart
7171,601,Hobart
7172,601,Hobart
7172,603,South East
7173,601,Hobart
7174,601,Hobart
7175,601,Hobart
7176,601,Hobart
7177,601,Hobart
7177,603,South East
7178,603,South East
7179,603,South East
7180,603,South East
7182,603,South East
7183,603,South East
7184,603,South East
7185,603,South East
7186,603,South East
7187,603,South East
7190,603,South East
7209,602,Launceston and North East
7210,602,Launceston and North East
7211,602,Launceston and North East
7212,602,Launceston and North East
7213,602,Launceston and North East
7213,603,South East
7214,602,Launceston and North East
7215,602,Launceston and North East
7215,603,South East
7216,602,Launceston and North East
7248,602,Launceston and North East
7249,602,Launceston and North East
7250,602,Launceston and North East
7252,602,Launceston and North East
7253,602,Launceston and North East
7254,602,Launceston and North East
7255,602,Launceston and North East
7256,604,West and North West
7257,602,Launceston and North East
7258,602,Launceston and North East
7259,602,Launceston and North East
7260,602,Launceston and North East
7261,602,Launceston and North East
7262,602,Launceston and North East
7263,602,Launceston and North East
7264,602,Launceston and North East
7265,602,Launceston and North East
7267,602,Launceston and North East
7268,602,Launceston and North East
7270,602,Launceston and North East
7275,602,Launceston and North East
7275,604,West and North West
7276,602,Launceston and North East
7277,602,Launceston and North East
7290,602,Launceston and North East
7291,602,Launceston and North East
7292,602,Launceston and North East
7300,602,Launceston and North East
7301,602,Launceston and North East
7302,602,Launceston and North East
7303,602,Launceston and North East
7304,602,Launceston and North East
7304,603,South East
7304,604,West and North West
7305,604,West and North West
7306,602,Launceston and North East
7306,604,West and North West
7307,604,West and North West
7310,604,West and North West
7315,604,West and North West
7316,604,West and North West
7320,604,West and North West
7321,604,West and North West
7322,604,West and North West
7325,604,West and North West
7330,604,West and North West
7331,604,West and North West
7466,604,West and North West
7467,604,West and North West
7468,604,West and North West
7469,604,West and North West
7470,604,West and North West
